timestamp,is_threat_gt,rf_confidence,rf_is_threat,audio_mambo,audio_bebop,audio_background,audio_is_threat,visual_confidence,visual_is_threat,sensor_0_threat_conf,sensor_0_friendly_conf,sensor_1_threat_conf,sensor_1_friendly_conf,sensor_2_threat_conf,sensor_2_friendly_conf,sensor_3_threat_conf,sensor_3_friendly_conf,sensor_4_threat_conf,sensor_4_friendly_conf,sensor_5_threat_conf,sensor_5_friendly_conf,sensor_6_threat_conf,sensor_6_friendly_conf,sensor_7_threat_conf,sensor_7_friendly_conf,sensor_8_threat_conf,sensor_8_friendly_conf,sensor_9_threat_conf,sensor_9_friendly_conf,sensor_10_threat_conf,sensor_10_friendly_conf,sensor_11_threat_conf,sensor_11_friendly_conf,sensor_12_threat_conf,sensor_12_friendly_conf,sensor_13_threat_conf,sensor_13_friendly_conf,sensor_14_threat_conf,sensor_14_friendly_conf,sensor_15_threat_conf,sensor_15_friendly_conf,sensor_16_threat_conf,sensor_16_friendly_conf,sensor_17_threat_conf,sensor_17_friendly_conf,sensor_18_threat_conf,sensor_18_friendly_conf,sensor_19_threat_conf,sensor_19_friendly_conf,sensor_20_threat_conf,sensor_20_friendly_conf,sensor_21_threat_conf,sensor_21_friendly_conf,sensor_22_threat_conf,sensor_22_friendly_conf
1781130197.8841243,1,8.695652173913043,True,100.0,5.240258227345862e-08,1.6438519179228818e-12,True,99.99426603317261,True,0.0,0.0,0.0,0.0,0.0,0.0,0.4780149459838867,0.5219850540161133,0.9981326460838318,0.0018674300517886877,0.911841869354248,0.08815815299749374,0.0,0.0,0.0,0.0,0.0,0.0,0.0,0.0,0.0,0.0,0.0,0.0,0.0,0.0,0.0,0.0,0.0,0.0,0.0,0.0,0.0,0.0,0.0,0.0,0.0,0.0,0.0,0.0,0.0,0.0,0.0,0.0,0.0,0.0
1781130221.1219726,0,0.0,False,99.933522939682,0.04552428727038205,0.020949610916431993,True,99.99995231628418,True,0.0,0.0,0.0,0.0,0.0,0.0,0.12921398878097534,0.8707860112190247,0.2238890677690506,0.7761110067367554,0.0,0.0,0.0,0.0,0.0,0.0,0.0,0.0,0.0,0.0,0.0,0.0,0.0,0.0,0.0,0.0,0.0,0.0,0.0,0.0,0.0,0.0,0.0,0.0,0.0,0.0,0.0,0.0,0.0,0.0,0.0,0.0,0.0,0.0,0.0,0.0
1781130221.7704012,0,0.0,False,99.99997615814209,2.1916768844221224e-05,7.644306737088213e-11,True,99.99992847442627,True,0.0,0.0,0.0,0.0,0.0,0.0,0.18581150472164154,0.8141884207725525,0.19381345808506012,0.8061865568161011,0.0,0.0,0.0,0.0,0.0,0.0,0.0,0.0,0.0,0.0,0.0,0.0,0.0,0.0,0.0,0.0,0.0,0.0,0.0,0.0,0.0,0.0,0.0,0.0,0.0,0.0,0.0,0.0,0.0,0.0,0.0,0.0,0.0,0.0,0.0,0.0
1781130222.4068205,0,0.0,False,60.348087549209595,39.57931101322174,0.07260042475536466,True,99.98581409454346,True,0.0,0.0,0.0,0.0,0.0,0.0,0.3034365773200989,0.6965634822845459,0.0,0.0,0.0,0.0,0.0,0.0,0.0,0.0,0.0,0.0,0.0,0.0,0.0,0.0,0.0,0.0,0.0,0.0,0.0,0.0,0.0,0.0,0.0,0.0,0.0,0.0,0.0,0.0,0.0,0.0,0.0,0.0,0.0,0.0,0.0,0.0,0.0,0.0
1781130223.038979,0,0.0,False,4.0029837578003935e-05,99.99996423721313,1.2055054871007442e-09,True,99.98260140419006,True,0.0,0.0,0.0,0.0,0.0,0.0,0.49484333395957947,0.5051566362380981,0.0,0.0,0.0,0.0,0.0,0.0,0.0,0.0,0.0,0.0,0.0,0.0,0.0,0.0,0.0,0.0,0.0,0.0,0.0,0.0,0.0,0.0,0.0,0.0,0.0,0.0,0.0,0.0,0.0,0.0,0.0,0.0,0.0,0.0,0.0,0.0,0.0,0.0
1781130223.6766622,0,0.0,False,0.19535045139491558,4.6143384224706097e-05,99.80460405349731,False,87.3445212841034,True,0.0,0.0,0.0,0.0,0.0,0.0,0.11643336713314056,0.8835666179656982,0.0,0.0,0.0,0.0,0.0,0.0,0.0,0.0,0.0,0.0,0.0,0.0,0.0,0.0,0.0,0.0,0.0,0.0,0.0,0.0,0.0,0.0,0.0,0.0,0.0,0.0,0.0,0.0,0.0,0.0,0.0,0.0,0.0,0.0,0.0,0.0,0.0,0.0
1781130224.3166766,1,4.3478260869565215,True,0.047047395491972566,0.0005370015060179867,99.95241165161133,False,99.99533891677856,True,0.0,0.0,0.0,0.0,0.0,0.0,0.6848641633987427,0.3151358664035797,0.0,0.0,0.0,0.0,0.0,0.0,0.0,0.0,0.0,0.0,0.0,0.0,0.0,0.0,0.0,0.0,0.0,0.0,0.0,0.0,0.0,0.0,0.0,0.0,0.0,0.0,0.0,0.0,0.0,0.0,0.0,0.0,0.0,0.0,0.0,0.0,0.0,0.0
1781130224.961147,1,8.695652173913043,True,0.027752321329899132,0.015175840235315263,99.95706677436829,False,99.99945163726807,True,0.0,0.0,0.0,0.0,0.0,0.0,0.8823641538619995,0.11763578653335571,0.6860112547874451,0.31398871541023254,0.0,0.0,0.0,0.0,0.0,0.0,0.0,0.0,0.0,0.0,0.0,0.0,0.0,0.0,0.0,0.0,0.0,0.0,0.0,0.0,0.0,0.0,0.0,0.0,0.0,0.0,0.0,0.0,0.0,0.0,0.0,0.0,0.0,0.0,0.0,0.0
1781130225.6089642,1,4.3478260869565215,True,46.62814140319824,0.009093184780795127,53.36277484893799,False,99.99955892562866,True,0.0,0.0,0.0,0.0,0.0,0.0,0.2928076386451721,0.7071924209594727,0.6819824576377869,0.31801748275756836,0.0,0.0,0.0,0.0,0.0,0.0,0.0,0.0,0.0,0.0,0.0,0.0,0.0,0.0,0.0,0.0,0.0,0.0,0.0,0.0,0.0,0.0,0.0,0.0,0.0,0.0,0.0,0.0,0.0,0.0,0.0,0.0,0.0,0.0,0.0,0.0
1781130226.2554305,1,0.0,False,0.1658205990679562,1.945461889363287e-05,99.83415603637695,False,100.0,True,0.0,0.0,0.0,0.0,0.0,0.0,0.0,0.0,0.33892473578453064,0.661075234413147,0.0,0.0,0.0,0.0,0.0,0.0,0.0,0.0,0.0,0.0,0.0,0.0,0.0,0.0,0.0,0.0,0.0,0.0,0.0,0.0,0.0,0.0,0.0,0.0,0.0,0.0,0.0,0.0,0.0,0.0,0.0,0.0,0.0,0.0,0.0,0.0
1781130226.887451,1,0.0,False,0.3577576018869877,5.581028972301283e-05,99.64218139648438,False,0.014479526726063341,False,0.0,0.0,0.0,0.0,0.0,0.0,0.0,0.0,0.0,0.0,0.0,0.0,0.0,0.0,0.0,0.0,0.0,0.0,0.0,0.0,0.0,0.0,0.0,0.0,0.0,0.0,0.0,0.0,0.0,0.0,0.0,0.0,0.0,0.0,0.0,0.0,0.0,0.0,0.0,0.0,0.0,0.0,0.0,0.0,0.0,0.0
1781130227.552599,1,0.0,False,0.13811830431222916,0.00010242049484077143,99.86177682876587,False,99.99977350234985,True,0.0,0.0,0.0,0.0,0.0,0.0,0.20750106871128082,0.7924989461898804,0.0,0.0,0.0,0.0,0.0,0.0,0.0,0.0,0.0,0.0,0.0,0.0,0.0,0.0,0.0,0.0,0.0,0.0,0.0,0.0,0.0,0.0,0.0,0.0,0.0,0.0,0.0,0.0,0.0,0.0,0.0,0.0,0.0,0.0,0.0,0.0,0.0,0.0
1781130228.226324,1,0.0,False,1.4630097895860672,0.0002325087734789122,98.53675365447998,False,99.99970197677612,True,0.0,0.0,0.0,0.0,0.0,0.0,0.3566955626010895,0.6433044672012329,0.0,0.0,0.0,0.0,0.0,0.0,0.0,0.0,0.0,0.0,0.0,0.0,0.0,0.0,0.0,0.0,0.0,0.0,0.0,0.0,0.0,0.0,0.0,0.0,0.0,0.0,0.0,0.0,0.0,0.0,0.0,0.0,0.0,0.0,0.0,0.0,0.0,0.0
1781130228.8629034,0,4.3478260869565215,True,0.10693754302337766,5.1947864676549216e-05,99.89301562309265,False,99.99990463256836,True,0.0,0.0,0.0,0.0,0.0,0.0,0.5293371081352234,0.4706628918647766,0.0,0.0,0.0,0.0,0.0,0.0,0.0,0.0,0.0,0.0,0.0,0.0,0.0,0.0,0.0,0.0,0.0,0.0,0.0,0.0,0.0,0.0,0.0,0.0,0.0,0.0,0.0,0.0,0.0,0.0,0.0,0.0,0.0,0.0,0.0,0.0,0.0,0.0
1781130229.5195608,0,0.0,False,0.3752093529328704,9.500897135694686e-05,99.62469935417175,False,100.0,True,0.0,0.0,0.0,0.0,0.0,0.0,0.4466196596622467,0.5533803105354309,0.0,0.0,0.0,0.0,0.0,0.0,0.0,0.0,0.0,0.0,0.0,0.0,0.0,0.0,0.0,0.0,0.0,0.0,0.0,0.0,0.0,0.0,0.0,0.0,0.0,0.0,0.0,0.0,0.0,0.0,0.0,0.0,0.0,0.0,0.0,0.0,0.0,0.0
1781130230.2029786,0,0.0,False,0.8023044094443321,0.0001919757323776139,99.19750094413757,False,99.99836683273315,True,0.0,0.0,0.0,0.0,0.0,0.0,0.0,0.0,0.0,0.0,0.0,0.0,0.0,0.0,0.0,0.0,0.0,0.0,0.0,0.0,0.0,0.0,0.0,0.0,0.0,0.0,0.0,0.0,0.0,0.0,0.0,0.0,0.0,0.0,0.0,0.0,0.0,0.0,0.2911163866519928,0.7088835835456848,0.0,0.0,0.0,0.0,0.0,0.0
1781130230.8491702,1,4.3478260869565215,True,0.0002307333261342137,99.99977350234985,1.2787564063199142e-08,True,99.99996423721313,True,0.0,0.0,0.0,0.0,0.0,0.0,0.0,0.0,0.0,0.0,0.0,0.0,0.0,0.0,0.0,0.0,0.0,0.0,0.0,0.0,0.0,0.0,0.0,0.0,0.0,0.0,0.0,0.0,0.0,0.0,0.0,0.0,0.0,0.0,0.0,0.0,0.41270026564598083,0.5872997641563416,0.6684370040893555,0.33156299591064453,0.4943375289440155,0.5056625008583069,0.0,0.0,0.0,0.0
1781130231.5072649,0,0.0,False,0.00027128639885631856,99.99972581863403,3.1902624986202e-07,True,99.99866485595703,True,0.0,0.0,0.0,0.0,0.0,0.0,0.0,0.0,0.0,0.0,0.0,0.0,0.0,0.0,0.0,0.0,0.0,0.0,0.0,0.0,0.0,0.0,0.0,0.0,0.0,0.0,0.0,0.0,0.0,0.0,0.0,0.0,0.0,0.0,0.0,0.0,0.4251110255718231,0.5748889446258545,0.25242581963539124,0.7475742101669312,0.4320257604122162,0.5679742097854614,0.0,0.0,0.0,0.0
1781130232.1701033,1,0.0,False,0.07361192256212234,7.40087159556424e-05,99.92631077766418,False,99.98260140419006,True,0.0,0.0,0.0,0.0,0.0,0.0,0.0,0.0,0.0,0.0,0.0,0.0,0.0,0.0,0.0,0.0,0.0,0.0,0.0,0.0,0.0,0.0,0.0,0.0,0.0,0.0,0.0,0.0,0.0,0.0,0.0,0.0,0.0,0.0,0.0,0.0,0.46739697456359863,0.5326030254364014,0.36373379826545715,0.6362661719322205,0.0,0.0,0.0,0.0,0.0,0.0
1781130232.8015666,1,4.3478260869565215,True,0.09498478611931205,0.0001266209437744692,99.90488886833191,False,99.99963045120239,True,0.0,0.0,0.0,0.0,0.0,0.0,0.0,0.0,0.0,0.0,0.0,0.0,0.0,0.0,0.0,0.0,0.0,0.0,0.0,0.0,0.0,0.0,0.0,0.0,0.0,0.0,0.0,0.0,0.0,0.0,0.0,0.0,0.0,0.0,0.0,0.0,0.6261972784996033,0.3738027513027191,0.0,0.0,0.0,0.0,0.0,0.0,0.0,0.0
1781130233.9756982,0,4.3478260869565215,True,100.0,3.4861745291729065e-15,4.373036357338485e-18,True,99.99945163726807,True,0.0,0.0,0.0,0.0,0.0,0.0,0.0,0.0,0.0,0.0,0.0,0.0,0.0,0.0,0.0,0.0,0.0,0.0,0.0,0.0,0.0,0.0,0.0,0.0,0.0,0.0,0.0,0.0,0.0,0.0,0.0,0.0,0.0,0.0,0.0,0.0,0.607886016368866,0.39211398363113403,0.3480622172355652,0.6519377827644348,0.0,0.0,0.0,0.0,0.0,0.0
1781130234.6217055,1,13.043478260869565,True,99.99785423278809,0.00041592520574340597,0.0017236283383681439,True,99.99996423721313,True,0.0,0.0,0.0,0.0,0.0,0.0,0.0,0.0,0.0,0.0,0.0,0.0,0.0,0.0,0.0,0.0,0.0,0.0,0.0,0.0,0.0,0.0,0.0,0.0,0.0,0.0,0.0,0.0,0.0,0.0,0.0,0.0,0.0,0.0,0.0,0.0,0.7506994009017944,0.24930058419704437,0.9992638230323792,0.0007361334864981472,0.5276790857315063,0.4723209738731384,0.0,0.0,0.0,0.0
1781130235.280799,1,13.043478260869565,True,1.2094673700630665,98.78948330879211,0.001050226728693815,True,99.99990463256836,True,0.0,0.0,0.0,0.0,0.0,0.0,0.0,0.0,0.0,0.0,0.0,0.0,0.0,0.0,0.0,0.0,0.0,0.0,0.0,0.0,0.0,0.0,0.0,0.0,0.0,0.0,0.0,0.0,0.0,0.0,0.0,0.0,0.0,0.0,0.0,0.0,0.9230980277061462,0.07690194994211197,0.9999942779541016,5.764043180533918e-06,0.8019281625747681,0.19807188212871552,0.0,0.0,0.0,0.0
1781130235.92806,1,8.695652173913043,True,100.0,3.6824454076322954e-10,1.0211167467607802e-13,True,99.99945163726807,True,0.0,0.0,0.0,0.0,0.0,0.0,0.0,0.0,0.0,0.0,0.0,0.0,0.0,0.0,0.0,0.0,0.0,0.0,0.0,0.0,0.0,0.0,0.0,0.0,0.0,0.0,0.0,0.0,0.0,0.0,0.0,0.0,0.0,0.0,0.0,0.0,0.29264914989471436,0.7073508501052856,0.9960832595825195,0.003916713409125805,0.6302538514137268,0.3697461187839508,0.0,0.0,0.0,0.0
1781130236.5888274,1,8.695652173913043,True,6.388146545077689e-06,99.99998807907104,2.609357825297809e-10,True,99.99983310699463,True,0.0,0.0,0.0,0.0,0.0,0.0,0.0,0.0,0.0,0.0,0.0,0.0,0.0,0.0,0.0,0.0,0.0,0.0,0.0,0.0,0.0,0.0,0.0,0.0,0.0,0.0,0.0,0.0,0.0,0.0,0.0,0.0,0.0,0.0,0.0,0.0,0.0,0.0,0.5785763263702393,0.42142370343208313,0.8521121740341187,0.14788781106472015,0.0,0.0,0.0,0.0
1781130237.2387707,0,0.0,False,8.654045480227524e-07,100.0,1.0952452052931383e-10,True,99.99996423721313,True,0.0,0.0,0.0,0.0,0.0,0.0,0.0,0.0,0.0,0.0,0.0,0.0,0.0,0.0,0.0,0.0,0.0,0.0,0.0,0.0,0.0,0.0,0.0,0.0,0.0,0.0,0.0,0.0,0.0,0.0,0.0,0.0,0.0,0.0,0.0,0.0,0.0,0.0,0.28456398844718933,0.7154359817504883,0.16300718486309052,0.8369928002357483,0.0,0.0,0.0,0.0
1781130237.915794,1,8.695652173913043,True,3.952486054004112e-05,99.99996423721313,9.163099098929983e-10,True,99.97357726097107,True,0.0,0.0,0.0,0.0,0.0,0.0,0.0,0.0,0.0,0.0,0.0,0.0,0.0,0.0,0.0,0.0,0.0,0.0,0.0,0.0,0.0,0.0,0.0,0.0,0.0,0.0,0.0,0.0,0.0,0.0,0.0,0.0,0.0,0.0,0.0,0.0,0.0,0.0,0.9569190740585327,0.04308090731501579,0.9319764375686646,0.06802354753017426,0.0,0.0,0.0,0.0
1781130238.5965328,1,4.3478260869565215,True,0.021548045333474874,99.9784529209137,1.1564610602476932e-06,True,87.3445212841034,True,0.0,0.0,0.0,0.0,0.0,0.0,0.0,0.0,0.0,0.0,0.0,0.0,0.0,0.0,0.0,0.0,0.0,0.0,0.0,0.0,0.0,0.0,0.0,0.0,0.0,0.0,0.0,0.0,0.0,0.0,0.0,0.0,0.0,0.0,0.0,0.0,0.0,0.0,0.3147236406803131,0.6852763295173645,1.0,2.779452278289071e-32,0.32320651412010193,0.6767934560775757,0.0,0.0
1781130239.260628,0,0.0,False,0.002071770722977817,99.99792575836182,2.7352600739938282e-08,True,99.99992847442627,True,0.0,0.0,0.0,0.0,0.0,0.0,0.0,0.0,0.0,0.0,0.0,0.0,0.0,0.0,0.0,0.0,0.0,0.0,0.0,0.0,0.0,0.0,0.0,0.0,0.0,0.0,0.0,0.0,0.0,0.0,0.0,0.0,0.0,0.0,0.0,0.0,0.0,0.0,0.44027405977249146,0.5597259402275085,0.14138148725032806,0.8586185574531555,0.27933815121650696,0.7206618189811707,0.0,0.0
1781130239.9122984,1,13.043478260869565,True,100.0,7.549073345602952e-10,2.620824759132028e-14,True,99.99998807907104,True,0.0,0.0,0.0,0.0,0.0,0.0,0.0,0.0,0.0,0.0,0.0,0.0,0.0,0.0,0.0,0.0,0.0,0.0,0.0,0.0,0.0,0.0,0.0,0.0,0.0,0.0,0.0,0.0,0.0,0.0,0.0,0.0,0.0,0.0,0.0,0.0,0.0,0.0,0.9581084251403809,0.04189160093665123,0.9817219376564026,0.018278004601597786,0.8757925629615784,0.12420745193958282,0.0,0.0
1781130240.5546556,1,4.3478260869565215,True,0.0031804764148546383,99.996817111969,3.593892072828453e-07,True,99.99973773956299,True,0.0,0.0,0.0,0.0,0.0,0.0,0.0,0.0,0.0,0.0,0.0,0.0,0.0,0.0,0.0,0.0,0.0,0.0,0.0,0.0,0.0,0.0,0.0,0.0,0.0,0.0,0.0,0.0,0.0,0.0,0.0,0.0,0.0,0.0,0.0,0.0,0.0,0.0,0.0,0.0,0.5125595331192017,0.4874404966831207,0.3547612130641937,0.6452387571334839,0.0,0.0
1781130241.2129748,1,8.695652173913043,True,0.3506093518808484,99.64935183525085,3.484200306047569e-05,True,99.98996257781982,True,0.0,0.0,0.0,0.0,0.0,0.0,0.0,0.0,0.0,0.0,0.0,0.0,0.0,0.0,0.0,0.0,0.0,0.0,0.0,0.0,0.0,0.0,0.0,0.0,0.0,0.0,0.0,0.0,0.0,0.0,0.0,0.0,0.0,0.0,0.0,0.0,0.0,0.0,0.10892421752214432,0.8910757899284363,0.9325445294380188,0.06745553016662598,0.5601416826248169,0.4398583471775055,0.0,0.0
1781130241.8626173,1,8.695652173913043,True,100.0,1.4792683976011588e-14,9.530552066811508e-18,True,99.99426603317261,True,0.0,0.0,0.0,0.0,0.0,0.0,0.0,0.0,0.0,0.0,0.0,0.0,0.0,0.0,0.0,0.0,0.0,0.0,0.0,0.0,0.0,0.0,0.0,0.0,0.0,0.0,0.0,0.0,0.0,0.0,0.0,0.0,0.0,0.0,0.0,0.0,0.0,0.0,0.3804773986339569,0.6195226311683655,0.7188315391540527,0.2811684310436249,0.7578232288360596,0.24217680096626282,0.0,0.0
1781130242.4913335,0,0.0,False,0.022946625540498644,0.019811301899608225,99.95723366737366,False,99.99996423721313,True,0.0,0.0,0.0,0.0,0.0,0.0,0.0,0.0,0.0,0.0,0.0,0.0,0.0,0.0,0.0,0.0,0.0,0.0,0.0,0.0,0.0,0.0,0.0,0.0,0.0,0.0,0.0,0.0,0.0,0.0,0.0,0.0,0.0,0.0,0.0,0.0,0.0,0.0,0.0,0.0,0.0,0.0,0.3560139536857605,0.6439859867095947,0.0,0.0
1781130243.1356747,1,0.0,False,0.46560256741940975,0.00013400734815149917,99.53427314758301,False,99.99973773956299,True,0.0,0.0,0.0,0.0,0.0,0.0,0.0,0.0,0.0,0.0,0.0,0.0,0.0,0.0,0.0,0.0,0.0,0.0,0.0,0.0,0.0,0.0,0.0,0.0,0.0,0.0,0.0,0.0,0.0,0.0,0.0,0.0,0.0,0.0,0.0,0.0,0.0,0.0,0.0,0.0,0.37812334299087524,0.6218767166137695,0.0,0.0,0.0,0.0
1781130243.7653232,0,0.0,False,0.07361192256212234,7.40087159556424e-05,99.92631077766418,False,99.99774694442749,True,0.0,0.0,0.0,0.0,0.0,0.0,0.0,0.0,0.0,0.0,0.0,0.0,0.0,0.0,0.0,0.0,0.0,0.0,0.0,0.0,0.0,0.0,0.0,0.0,0.0,0.0,0.0,0.0,0.0,0.0,0.0,0.0,0.0,0.0,0.0,0.0,0.0,0.0,0.09240862727165222,0.9075914025306702,0.20784252882003784,0.7921574115753174,0.0,0.0,0.0,0.0
1781130244.413321,0,0.0,False,0.5999520421028137,0.00026466514100320637,99.39978122711182,False,99.99983310699463,True,0.0,0.0,0.0,0.0,0.0,0.0,0.0,0.0,0.0,0.0,0.0,0.0,0.0,0.0,0.0,0.0,0.0,0.0,0.0,0.0,0.0,0.0,0.0,0.0,0.0,0.0,0.0,0.0,0.0,0.0,0.0,0.0,0.0,0.0,0.0,0.0,0.0,0.0,0.12427717447280884,0.8757227659225464,0.0,0.0,0.0,0.0,0.0,0.0
1781130245.0659347,1,4.3478260869565215,True,40.43393433094025,59.56571698188782,0.00034985946513188537,True,99.99996423721313,True,0.0,0.0,0.0,0.0,0.0,0.0,0.0,0.0,0.0,0.0,0.0,0.0,0.0,0.0,0.0,0.0,0.0,0.0,0.0,0.0,0.0,0.0,0.0,0.0,0.0,0.0,0.0,0.0,0.0,0.0,0.0,0.0,0.0,0.0,0.0,0.0,0.16724665462970734,0.8327533006668091,0.7524516582489014,0.24754834175109863,0.3498682677745819,0.6501317024230957,0.0,0.0,0.0,0.0
1781130245.7324314,1,8.695652173913043,True,99.99933242797852,0.0006704906354570994,3.5445713031379e-07,True,99.99998807907104,True,0.0,0.0,0.0,0.0,0.0,0.0,0.0,0.0,0.0,0.0,0.0,0.0,0.0,0.0,0.0,0.0,0.0,0.0,0.0,0.0,0.0,0.0,0.0,0.0,0.0,0.0,0.0,0.0,0.0,0.0,0.0,0.0,0.0,0.0,0.0,0.0,0.9800487756729126,0.019951164722442627,0.955603837966919,0.04439609497785568,0.4366321861743927,0.5633677840232849,0.0,0.0,0.0,0.0
1781130246.37512,0,4.3478260869565215,True,3.173507820974919e-05,99.99996423721313,1.297083621065731e-09,True,99.99996423721313,True,0.0,0.0,0.0,0.0,0.0,0.0,0.0,0.0,0.0,0.0,0.0,0.0,0.0,0.0,0.0,0.0,0.0,0.0,0.0,0.0,0.0,0.0,0.0,0.0,0.0,0.0,0.0,0.0,0.0,0.0,0.0,0.0,0.0,0.0,0.0,0.0,0.29379555583000183,0.7062044739723206,0.13759759068489075,0.8624023795127869,0.5069657564163208,0.4930342435836792,0.0,0.0,0.0,0.0
1781130247.0306494,1,4.3478260869565215,True,99.33526515960693,0.6519742775708437,0.012757343938574195,True,99.99992847442627,True,0.0,0.0,0.0,0.0,0.0,0.0,0.0,0.0,0.0,0.0,0.0,0.0,0.0,0.0,0.0,0.0,0.0,0.0,0.0,0.0,0.0,0.0,0.0,0.0,0.0,0.0,0.0,0.0,0.0,0.0,0.0,0.0,0.0,0.0,0.0,0.0,0.9895506501197815,0.010449285618960857,0.30091172456741333,0.6990882158279419,0.0,0.0,0.0,0.0,0.0,0.0
1781130247.745338,1,4.3478260869565215,True,100.0,7.005859058167732e-13,1.45997088602395e-16,True,99.99566078186035,True,0.0,0.0,0.0,0.0,0.0,0.0,0.0,0.0,0.0,0.0,0.0,0.0,0.0,0.0,0.0,0.0,0.0,0.0,0.0,0.0,0.0,0.0,0.0,0.0,0.0,0.0,0.0,0.0,0.0,0.0,0.0,0.0,0.0,0.0,0.0,0.0,0.41378238797187805,0.5862176418304443,0.5195990800857544,0.4804008901119232,0.0,0.0,0.0,0.0,0.0,0.0
1781130248.496285,1,8.695652173913043,True,100.0,8.346998299049225e-14,1.4830653551361242e-14,True,100.0,True,0.0,0.0,0.0,0.0,0.0,0.0,0.0,0.0,0.0,0.0,0.0,0.0,0.0,0.0,0.0,0.0,0.0,0.0,0.0,0.0,0.0,0.0,0.0,0.0,0.0,0.0,0.0,0.0,0.0,0.0,0.0,0.0,0.0,0.0,0.0,0.0,0.9992284774780273,0.0007714634411968291,0.9724701046943665,0.027529854327440262,0.0,0.0,0.0,0.0,0.0,0.0
1781130249.155842,1,13.043478260869565,True,100.0,2.297573156034849e-10,4.146367228386179e-15,True,99.95284080505371,True,0.0,0.0,0.0,0.0,0.0,0.0,0.0,0.0,0.0,0.0,0.0,0.0,0.0,0.0,0.0,0.0,0.0,0.0,0.0,0.0,0.0,0.0,0.0,0.0,0.0,0.0,0.0,0.0,0.0,0.0,0.0,0.0,0.0,0.0,0.0,0.0,0.9928703904151917,0.007129632867872715,0.9996009469032288,0.0003990763216279447,0.6373939514160156,0.3626060485839844,0.0,0.0,0.0,0.0
1781130250.3414905,1,8.695652173913043,True,1.849796937847259e-06,100.0,2.0678131516099763e-10,True,99.99996423721313,True,0.0,0.0,0.0,0.0,0.0,0.0,0.0,0.0,0.0,0.0,0.0,0.0,0.0,0.0,0.0,0.0,0.0,0.0,0.0,0.0,0.0,0.0,0.0,0.0,0.0,0.0,0.0,0.0,0.0,0.0,0.0,0.0,0.0,0.0,0.0,0.0,0.1972537487745285,0.8027462959289551,0.9991756081581116,0.0008244027849286795,0.6240460276603699,0.3759539723396301,0.0,0.0,0.0,0.0
1781130251.0057712,1,4.3478260869565215,True,99.99983310699463,0.00017133315850514919,5.53909762501803e-07,True,99.99990463256836,True,0.0,0.0,0.0,0.0,0.0,0.0,0.0,0.0,0.0,0.0,0.0,0.0,0.0,0.0,0.0,0.0,0.0,0.0,0.0,0.0,0.0,0.0,0.0,0.0,0.0,0.0,0.0,0.0,0.0,0.0,0.0,0.0,0.0,0.0,0.0,0.0,0.39493048191070557,0.6050695180892944,0.9999861717224121,1.3792694517178461e-05,0.32303428649902344,0.6769657135009766,0.0,0.0,0.0,0.0
1781130251.6447904,0,0.0,False,94.73910927772522,5.242616310715675,0.018270844884682447,True,99.99998807907104,True,0.0,0.0,0.0,0.0,0.0,0.0,0.0,0.0,0.0,0.0,0.0,0.0,0.0,0.0,0.0,0.0,0.0,0.0,0.0,0.0,0.0,0.0,0.0,0.0,0.0,0.0,0.0,0.0,0.0,0.0,0.0,0.0,0.0,0.0,0.0,0.0,0.31471648812294006,0.6852834820747375,0.24933475255966187,0.7506653070449829,0.09173604100942612,0.9082639813423157,0.0,0.0,0.0,0.0
1781130252.2976608,1,8.695652173913043,True,100.0,3.6384450682359903e-11,2.8774231996375716e-15,True,99.99983310699463,True,0.0,0.0,0.0,0.0,0.0,0.0,0.0,0.0,0.0,0.0,0.0,0.0,0.0,0.0,0.0,0.0,0.0,0.0,0.0,0.0,0.0,0.0,0.0,0.0,0.0,0.0,0.0,0.0,0.0,0.0,0.0,0.0,0.0,0.0,0.0,0.0,0.7634755373001099,0.23652444779872894,0.999996542930603,3.5124253372487146e-06,0.16589383780956268,0.8341061472892761,0.0,0.0,0.0,0.0
1781130252.9470253,0,0.0,False,0.2571730175986886,99.7427761554718,4.8850773737285635e-05,True,99.99990463256836,True,0.0,0.0,0.0,0.0,0.0,0.0,0.0,0.0,0.0,0.0,0.0,0.0,0.0,0.0,0.0,0.0,0.0,0.0,0.0,0.0,0.0,0.0,0.0,0.0,0.0,0.0,0.0,0.0,0.0,0.0,0.0,0.0,0.0,0.0,0.0,0.0,0.1873616874217987,0.8126383423805237,0.10903944075107574,0.8909605145454407,0.2271943986415863,0.7728055715560913,0.0,0.0,0.0,0.0
1781130253.591815,0,0.0,False,0.9693236090242863,0.00013667879557033302,99.03053045272827,False,99.99995231628418,True,0.0,0.0,0.0,0.0,0.0,0.0,0.0,0.0,0.0,0.0,0.0,0.0,0.0,0.0,0.0,0.0,0.0,0.0,0.0,0.0,0.0,0.0,0.0,0.0,0.0,0.0,0.0,0.0,0.0,0.0,0.0,0.0,0.0,0.0,0.0,0.0,0.30457139015197754,0.6954286694526672,0.23051565885543823,0.7694843411445618,0.0,0.0,0.0,0.0,0.0,0.0
1781130254.2575552,1,4.3478260869565215,True,0.020043403492309153,9.640015150580439e-05,99.9798595905304,False,99.94329810142517,True,0.0,0.0,0.0,0.0,0.0,0.0,0.0,0.0,0.0,0.0,0.0,0.0,0.0,0.0,0.0,0.0,0.0,0.0,0.0,0.0,0.0,0.0,0.0,0.0,0.0,0.0,0.0,0.0,0.0,0.0,0.0,0.0,0.0,0.0,0.0,0.0,0.6966425180435181,0.3033575117588043,0.13008420169353485,0.8699157238006592,0.0,0.0,0.0,0.0,0.0,0.0
1781130254.910141,1,8.695652173913043,True,0.0880396575666964,0.00026850871108763386,99.9116837978363,False,99.99990463256836,True,0.0,0.0,0.0,0.0,0.0,0.0,0.0,0.0,0.0,0.0,0.0,0.0,0.0,0.0,0.0,0.0,0.0,0.0,0.0,0.0,0.0,0.0,0.0,0.0,0.0,0.0,0.0,0.0,0.0,0.0,0.0,0.0,0.0,0.0,0.0,0.0,0.5975584387779236,0.4024415612220764,0.5003650784492493,0.49963489174842834,0.0,0.0,0.0,0.0,0.0,0.0
1781130255.582686,1,0.0,False,0.36610057577490807,5.368959818952135e-05,99.63383674621582,False,99.99996423721313,True,0.0,0.0,0.0,0.0,0.0,0.0,0.0,0.0,0.0,0.0,0.0,0.0,0.0,0.0,0.0,0.0,0.0,0.0,0.0,0.0,0.0,0.0,0.0,0.0,0.0,0.0,0.0,0.0,0.0,0.0,0.0,0.0,0.0,0.0,0.0,0.0,0.21990744769573212,0.7800925374031067,0.2726135849952698,0.7273864150047302,0.0,0.0,0.0,0.0,0.0,0.0
1781130256.2640913,0,8.695652173913043,True,0.27681461069732904,4.16699720062752e-05,99.72314238548279,False,99.99995231628418,True,0.0,0.0,0.0,0.0,0.0,0.0,0.0,0.0,0.0,0.0,0.0,0.0,0.0,0.0,0.0,0.0,0.0,0.0,0.0,0.0,0.0,0.0,0.0,0.0,0.0,0.0,0.0,0.0,0.0,0.0,0.0,0.0,0.0,0.0,0.0,0.0,0.8051173686981201,0.1948826014995575,0.32114461064338684,0.6788554191589355,0.5174095630645752,0.4825904667377472,0.0,0.0,0.0,0.0
1781130256.9355319,0,0.0,False,0.46560256741940975,0.00013400734815149917,99.53427314758301,False,99.99998807907104,True,0.0,0.0,0.0,0.0,0.0,0.0,0.0,0.0,0.0,0.0,0.0,0.0,0.0,0.0,0.0,0.0,0.0,0.0,0.0,0.0,0.0,0.0,0.0,0.0,0.0,0.0,0.0,0.0,0.0,0.0,0.0,0.0,0.0,0.0,0.0,0.0,0.1290888786315918,0.8709111213684082,0.16281230747699738,0.8371877074241638,0.22566893696784973,0.7743310928344727,0.0,0.0,0.0,0.0
1781130257.589723,0,0.0,False,0.48649683594703674,0.00012254940884304233,99.51338171958923,False,99.99346733093262,True,0.0,0.0,0.0,0.0,0.0,0.0,0.0,0.0,0.0,0.0,0.0,0.0,0.0,0.0,0.0,0.0,0.0,0.0,0.0,0.0,0.0,0.0,0.0,0.0,0.0,0.0,0.0,0.0,0.0,0.0,0.0,0.0,0.0,0.0,0.0,0.0,0.1578378528356552,0.8421621322631836,0.1541251838207245,0.8458747863769531,0.0,0.0,0.0,0.0,0.0,0.0
1781130258.262728,0,0.0,False,17.36273318529129,82.62874484062195,0.008526791498297825,True,99.93614554405212,True,0.0,0.0,0.0,0.0,0.0,0.0,0.0,0.0,0.0,0.0,0.0,0.0,0.0,0.0,0.0,0.0,0.0,0.0,0.0,0.0,0.0,0.0,0.0,0.0,0.0,0.0,0.0,0.0,0.0,0.0,0.0,0.0,0.0,0.0,0.0,0.0,0.2681623697280884,0.7318376898765564,0.13340957462787628,0.8665903806686401,0.3216971755027771,0.6783028244972229,0.0,0.0,0.0,0.0
1781130258.9026806,1,8.695652173913043,True,100.0,9.00231070244395e-09,7.561422356678553e-14,True,99.99902248382568,True,0.0,0.0,0.0,0.0,0.0,0.0,0.0,0.0,0.0,0.0,0.0,0.0,0.0,0.0,0.0,0.0,0.0,0.0,0.0,0.0,0.0,0.0,0.0,0.0,0.0,0.0,0.0,0.0,0.0,0.0,0.0,0.0,0.0,0.0,0.0,0.0,0.9774337410926819,0.02256624400615692,0.9711716771125793,0.028828328475356102,0.36938896775245667,0.630611002445221,0.0,0.0,0.0,0.0
1781130259.546623,1,0.0,False,100.0,6.782377437453135e-09,5.259009035001559e-13,True,99.9987006187439,True,0.0,0.0,0.0,0.0,0.0,0.0,0.0,0.0,0.0,0.0,0.0,0.0,0.0,0.0,0.0,0.0,0.0,0.0,0.0,0.0,0.0,0.0,0.0,0.0,0.0,0.0,0.0,0.0,0.0,0.0,0.0,0.0,0.0,0.0,0.0,0.0,0.1324165165424347,0.8675834536552429,0.226795956492424,0.7732040286064148,0.192681685090065,0.8073183298110962,0.0,0.0,0.0,0.0
1781130260.19279,1,8.695652173913043,True,5.542942993486122e-07,100.0,3.184021514328339e-11,True,99.99922513961792,True,0.0,0.0,0.0,0.0,0.0,0.0,0.0,0.0,0.0,0.0,0.0,0.0,0.0,0.0,0.0,0.0,0.0,0.0,0.0,0.0,0.0,0.0,0.0,0.0,0.0,0.0,0.0,0.0,0.0,0.0,0.0,0.0,0.0,0.0,0.0,0.0,0.683302640914917,0.316697359085083,0.5479153394699097,0.45208466053009033,0.3324125111103058,0.6675875186920166,0.0,0.0,0.0,0.0
1781130260.8527777,1,0.0,False,0.20657731220126152,0.00022910101051820675,99.7931957244873,False,99.99774694442749,True,0.0,0.0,0.0,0.0,0.0,0.0,0.0,0.0,0.0,0.0,0.0,0.0,0.0,0.0,0.0,0.0,0.0,0.0,0.0,0.0,0.0,0.0,0.0,0.0,0.0,0.0,0.0,0.0,0.0,0.0,0.0,0.0,0.0,0.0,0.0,0.0,0.20640037953853607,0.7935996055603027,0.0,0.0,0.0,0.0,0.0,0.0,0.0,0.0
1781130261.4890833,0,0.0,False,0.09818203980103135,5.574795522989007e-05,99.9017596244812,False,99.99922513961792,True,0.0,0.0,0.0,0.0,0.0,0.0,0.0,0.0,0.0,0.0,0.0,0.0,0.0,0.0,0.0,0.0,0.0,0.0,0.0,0.0,0.0,0.0,0.0,0.0,0.0,0.0,0.0,0.0,0.0,0.0,0.0,0.0,0.0,0.0,0.0,0.0,0.45187512040138245,0.5481248497962952,0.2544749677181244,0.7455250024795532,0.0,0.0,0.0,0.0,0.0,0.0
1781130262.1344101,0,4.3478260869565215,True,1.332396082354137e-07,100.0,2.9078275161006917e-12,True,99.99996423721313,True,0.0,0.0,0.0,0.0,0.0,0.0,0.0,0.0,0.0,0.0,0.0,0.0,0.0,0.0,0.0,0.0,0.0,0.0,0.0,0.0,0.0,0.0,0.0,0.0,0.0,0.0,0.0,0.0,0.0,0.0,0.0,0.0,0.0,0.0,0.541479766368866,0.45852023363113403,0.38026124238967896,0.619738757610321,0.3704765737056732,0.6295233964920044,0.0,0.0,0.0,0.0,0.0,0.0
1781130262.7946284,1,4.3478260869565215,True,0.0010772397217806429,99.99892711639404,1.5424358457138965e-07,True,99.99823570251465,True,0.0,0.0,0.0,0.0,0.0,0.0,0.0,0.0,0.0,0.0,0.0,0.0,0.0,0.0,0.0,0.0,0.0,0.0,0.0,0.0,0.0,0.0,0.0,0.0,0.0,0.0,0.0,0.0,0.0,0.0,0.0,0.0,0.0,0.0,0.26799333095550537,0.7320067286491394,0.22731196880340576,0.7726880311965942,0.5649827718734741,0.4350171685218811,0.0,0.0,0.0,0.0,0.0,0.0
1781130263.470265,1,0.0,False,0.7245318964123726,0.00010282923312843195,99.27535653114319,False,99.99970197677612,True,0.0,0.0,0.0,0.0,0.0,0.0,0.0,0.0,0.0,0.0,0.0,0.0,0.0,0.0,0.0,0.0,0.0,0.0,0.0,0.0,0.0,0.0,0.0,0.0,0.0,0.0,0.0,0.0,0.0,0.0,0.0,0.0,0.0,0.0,0.0,0.0,0.20176367461681366,0.7982363104820251,0.2642684280872345,0.7357315421104431,0.0,0.0,0.0,0.0,0.0,0.0
1781130264.1221983,1,0.0,False,0.13275959063321352,3.2054487064669956e-05,99.86721277236938,False,0.0038188518374226987,False,0.0,0.0,0.0,0.0,0.0,0.0,0.0,0.0,0.0,0.0,0.0,0.0,0.0,0.0,0.0,0.0,0.0,0.0,0.0,0.0,0.0,0.0,0.0,0.0,0.0,0.0,0.0,0.0,0.0,0.0,0.0,0.0,0.0,0.0,0.0,0.0,0.0,0.0,0.0,0.0,0.0,0.0,0.0,0.0,0.0,0.0
1781130264.7838473,0,0.0,False,0.03365593438502401,0.0010092856427945662,99.96533393859863,False,0.0019903623979189433,False,0.0,0.0,0.0,0.0,0.0,0.0,0.0,0.0,0.0,0.0,0.0,0.0,0.0,0.0,0.0,0.0,0.0,0.0,0.0,0.0,0.0,0.0,0.0,0.0,0.0,0.0,0.0,0.0,0.0,0.0,0.0,0.0,0.0,0.0,0.0,0.0,0.0,0.0,0.0,0.0,0.0,0.0,0.0,0.0,0.0,0.0
1781130265.4612021,0,0.0,False,0.3547524567693472,9.4052768417896e-05,99.64514970779419,False,0.01059469796018675,False,0.0,0.0,0.0,0.0,0.0,0.0,0.0,0.0,0.0,0.0,0.0,0.0,0.0,0.0,0.0,0.0,0.0,0.0,0.0,0.0,0.0,0.0,0.0,0.0,0.0,0.0,0.0,0.0,0.0,0.0,0.0,0.0,0.0,0.0,0.0,0.0,0.0,0.0,0.0,0.0,0.0,0.0,0.0,0.0,0.0,0.0
1781130266.126181,1,0.0,False,0.16465109074488282,1.4785995006150188e-05,99.8353362083435,False,0.010455773735884577,False,0.0,0.0,0.0,0.0,0.0,0.0,0.0,0.0,0.0,0.0,0.0,0.0,0.0,0.0,0.0,0.0,0.0,0.0,0.0,0.0,0.0,0.0,0.0,0.0,0.0,0.0,0.0,0.0,0.0,0.0,0.0,0.0,0.0,0.0,0.0,0.0,0.0,0.0,0.0,0.0,0.0,0.0,0.0,0.0,0.0,0.0
1781130267.3426466,1,8.695652173913043,True,0.2707488602027297,0.00010855030723178061,99.72913861274719,False,99.99996423721313,True,0.0,0.0,0.0,0.0,0.0,0.0,0.0,0.0,0.0,0.0,0.0,0.0,0.0,0.0,0.0,0.0,0.0,0.0,0.0,0.0,0.0,0.0,0.0,0.0,0.0,0.0,0.0,0.0,0.0,0.0,0.0,0.0,0.0,0.0,0.0,0.0,0.7238991856575012,0.27610084414482117,0.6167230010032654,0.3832770586013794,0.2408084124326706,0.7591915726661682,0.0,0.0,0.0,0.0
1781130268.0241005,1,4.3478260869565215,True,79.82752323150635,20.023077726364136,0.14939929824322462,True,99.9992847442627,True,0.0,0.0,0.0,0.0,0.0,0.0,0.0,0.0,0.0,0.0,0.0,0.0,0.0,0.0,0.0,0.0,0.0,0.0,0.0,0.0,0.0,0.0,0.0,0.0,0.0,0.0,0.0,0.0,0.0,0.0,0.0,0.0,0.0,0.0,0.0,0.0,0.2746637463569641,0.7253362536430359,0.943075954914093,0.056924015283584595,0.38436251878738403,0.6156374216079712,0.0,0.0,0.0,0.0
1781130268.7073276,0,4.3478260869565215,True,100.0,5.634510458207842e-06,2.88251852942345e-09,True,99.99866485595703,True,0.0,0.0,0.0,0.0,0.0,0.0,0.0,0.0,0.0,0.0,0.0,0.0,0.0,0.0,0.0,0.0,0.0,0.0,0.0,0.0,0.0,0.0,0.0,0.0,0.0,0.0,0.0,0.0,0.0,0.0,0.0,0.0,0.0,0.0,0.0,0.0,0.5194072127342224,0.4805927872657776,0.2894393801689148,0.7105605602264404,0.08645334094762802,0.9135467410087585,0.0,0.0,0.0,0.0
1781130269.3494976,0,4.3478260869565215,True,6.189513612753217e-06,99.99998807907104,5.088577996470445e-10,True,99.9998688697815,True,0.0,0.0,0.0,0.0,0.0,0.0,0.0,0.0,0.0,0.0,0.0,0.0,0.0,0.0,0.0,0.0,0.0,0.0,0.0,0.0,0.0,0.0,0.0,0.0,0.0,0.0,0.0,0.0,0.0,0.0,0.0,0.0,0.0,0.0,0.0,0.0,0.2126014679670334,0.7873985767364502,0.3207370340824127,0.6792629361152649,0.5708938241004944,0.429106205701828,0.21901066601276398,0.7809893488883972,0.0,0.0
1781130269.9831114,1,8.695652173913043,True,100.0,4.525348845652033e-10,8.547162984155494e-13,True,100.0,True,0.0,0.0,0.0,0.0,0.0,0.0,0.0,0.0,0.0,0.0,0.0,0.0,0.0,0.0,0.0,0.0,0.0,0.0,0.0,0.0,0.0,0.0,0.0,0.0,0.0,0.0,0.0,0.0,0.0,0.0,0.0,0.0,0.0,0.0,0.0,0.0,0.0,0.0,0.5155518651008606,0.4844481647014618,1.0,2.077597397705471e-31,0.47488850355148315,0.5251114964485168,0.0,0.0
1781130270.6383455,1,17.391304347826086,True,0.47234371304512024,99.52760934829712,4.4369980400915665e-05,True,99.99996423721313,True,0.0,0.0,0.0,0.0,0.0,0.0,0.0,0.0,0.0,0.0,0.0,0.0,0.0,0.0,0.0,0.0,0.0,0.0,0.0,0.0,0.0,0.0,0.0,0.0,0.0,0.0,0.0,0.0,0.0,0.0,0.0,0.0,0.0,0.0,0.0,0.0,0.0,0.0,0.5754374861717224,0.4245625138282776,0.9973489046096802,0.0026510225143283606,0.9999372959136963,6.268723518587649e-05,0.6440149545669556,0.35598501563072205
1781130271.2790737,0,0.0,False,1.1857302859425545,98.81405830383301,0.0002137055389539455,True,99.95284080505371,True,0.15259353816509247,0.8474064469337463,0.0,0.0,0.0,0.0,0.0,0.0,0.0,0.0,0.0,0.0,0.0,0.0,0.0,0.0,0.0,0.0,0.0,0.0,0.0,0.0,0.0,0.0,0.0,0.0,0.0,0.0,0.0,0.0,0.0,0.0,0.0,0.0,0.0,0.0,0.0,0.0,0.0,0.0,0.3004123270511627,0.6995876431465149,0.4862188696861267,0.5137811303138733,0.387156218290329,0.6128437519073486
1781130271.9139647,1,8.695652173913043,True,0.005765687819803134,99.99423027038574,3.9422662356791704e-08,True,99.99866485595703,True,0.8009486794471741,0.19905133545398712,0.0,0.0,0.0,0.0,0.0,0.0,0.0,0.0,0.0,0.0,0.0,0.0,0.0,0.0,0.0,0.0,0.0,0.0,0.0,0.0,0.0,0.0,0.0,0.0,0.0,0.0,0.0,0.0,0.0,0.0,0.0,0.0,0.0,0.0,0.0,0.0,0.0,0.0,0.0,0.0,0.4682201147079468,0.5317798852920532,1.0,6.369750209030379e-27
1781130272.5462983,1,13.043478260869565,True,100.0,3.7904516866557863e-13,2.1815567752045434e-17,True,99.95284080505371,True,0.42902782559394836,0.570972204208374,0.0,0.0,0.0,0.0,0.0,0.0,0.0,0.0,0.0,0.0,0.0,0.0,0.0,0.0,0.0,0.0,0.0,0.0,0.0,0.0,0.0,0.0,0.0,0.0,0.0,0.0,0.0,0.0,0.0,0.0,0.0,0.0,0.0,0.0,0.0,0.0,0.0,0.0,0.7203648686408997,0.27963510155677795,0.9192089438438416,0.08079104870557785,0.7754144072532654,0.22458557784557343
1781130273.1992495,1,13.043478260869565,True,100.0,5.4052484710354065e-09,1.081959229241175e-13,True,99.99977350234985,True,0.0,0.0,0.0,0.0,0.0,0.0,0.0,0.0,0.0,0.0,0.0,0.0,0.0,0.0,0.0,0.0,0.0,0.0,0.0,0.0,0.0,0.0,0.0,0.0,0.0,0.0,0.0,0.0,0.0,0.0,0.0,0.0,0.0,0.0,0.0,0.0,0.0,0.0,0.0,0.0,0.8492326736450195,0.15076740086078644,0.5556175708770752,0.4443824291229248,0.5930298566818237,0.40697017312049866
1781130273.825136,1,4.3478260869565215,True,0.3447046037763357,4.1272105022471806e-05,99.6552586555481,False,99.99885559082031,True,0.0,0.0,0.0,0.0,0.0,0.0,0.0,0.0,0.0,0.0,0.0,0.0,0.0,0.0,0.0,0.0,0.0,0.0,0.0,0.0,0.0,0.0,0.0,0.0,0.0,0.0,0.0,0.0,0.0,0.0,0.0,0.0,0.0,0.0,0.0,0.0,0.0,0.0,0.0,0.0,0.0,0.0,0.928562343120575,0.07143763452768326,0.0,0.0
1781130274.464571,1,0.0,False,0.0782165676355362,2.629720654567791e-05,99.92176294326782,False,99.99982118606567,True,0.0,0.0,0.0,0.0,0.0,0.0,0.0,0.0,0.0,0.0,0.0,0.0,0.0,0.0,0.0,0.0,0.0,0.0,0.0,0.0,0.0,0.0,0.0,0.0,0.0,0.0,0.0,0.0,0.0,0.0,0.0,0.0,0.0,0.0,0.0,0.0,0.0,0.0,0.0,0.0,0.0,0.0,0.35457879304885864,0.6454212069511414,0.0,0.0
1781130275.1202204,0,0.0,False,0.6378642283380032,0.00010881055914069293,99.36203360557556,False,0.004525397525867447,False,0.0,0.0,0.0,0.0,0.0,0.0,0.0,0.0,0.0,0.0,0.0,0.0,0.0,0.0,0.0,0.0,0.0,0.0,0.0,0.0,0.0,0.0,0.0,0.0,0.0,0.0,0.0,0.0,0.0,0.0,0.0,0.0,0.0,0.0,0.0,0.0,0.0,0.0,0.0,0.0,0.0,0.0,0.0,0.0,0.0,0.0
1781130275.7828443,1,0.0,False,0.024489915813319385,0.0001258213728760893,99.97537732124329,False,0.0012571265870064963,False,0.0,0.0,0.0,0.0,0.0,0.0,0.0,0.0,0.0,0.0,0.0,0.0,0.0,0.0,0.0,0.0,0.0,0.0,0.0,0.0,0.0,0.0,0.0,0.0,0.0,0.0,0.0,0.0,0.0,0.0,0.0,0.0,0.0,0.0,0.0,0.0,0.0,0.0,0.0,0.0,0.0,0.0,0.0,0.0,0.0,0.0
1781130276.4383547,0,0.0,False,0.19535045139491558,4.6143384224706097e-05,99.80460405349731,False,99.99979734420776,True,0.0,0.0,0.0,0.0,0.0,0.0,0.0,0.0,0.0,0.0,0.0,0.0,0.0,0.0,0.0,0.0,0.0,0.0,0.0,0.0,0.0,0.0,0.0,0.0,0.0,0.0,0.0,0.0,0.0,0.0,0.0,0.0,0.0,0.0,0.0,0.0,0.0,0.0,0.0,0.0,0.2908044755458832,0.7091954946517944,0.0,0.0,0.0,0.0
1781130277.0791097,1,0.0,False,0.9591707028448582,0.00023947429781401297,99.04059767723083,False,99.99574422836304,True,0.0,0.0,0.0,0.0,0.0,0.0,0.0,0.0,0.0,0.0,0.0,0.0,0.0,0.0,0.0,0.0,0.0,0.0,0.0,0.0,0.0,0.0,0.0,0.0,0.0,0.0,0.0,0.0,0.0,0.0,0.0,0.0,0.0,0.0,0.0,0.0,0.0,0.0,0.0,0.0,0.4226621687412262,0.5773378610610962,0.0,0.0,0.0,0.0
1781130277.7558765,0,0.0,False,0.17002199310809374,0.0007121303951862501,99.8292624950409,False,0.006794101500418037,False,0.0,0.0,0.0,0.0,0.0,0.0,0.0,0.0,0.0,0.0,0.0,0.0,0.0,0.0,0.0,0.0,0.0,0.0,0.0,0.0,0.0,0.0,0.0,0.0,0.0,0.0,0.0,0.0,0.0,0.0,0.0,0.0,0.0,0.0,0.0,0.0,0.0,0.0,0.0,0.0,0.0,0.0,0.0,0.0,0.0,0.0
1781130278.4198468,0,0.0,False,0.14555590460076928,4.203049570605799e-05,99.85439777374268,False,0.008073518256423995,False,0.0,0.0,0.0,0.0,0.0,0.0,0.0,0.0,0.0,0.0,0.0,0.0,0.0,0.0,0.0,0.0,0.0,0.0,0.0,0.0,0.0,0.0,0.0,0.0,0.0,0.0,0.0,0.0,0.0,0.0,0.0,0.0,0.0,0.0,0.0,0.0,0.0,0.0,0.0,0.0,0.0,0.0,0.0,0.0,0.0,0.0
1781130279.070641,1,0.0,False,0.46560256741940975,0.00013400734815149917,99.53427314758301,False,99.99973773956299,True,0.0,0.0,0.0,0.0,0.0,0.0,0.0,0.0,0.0,0.0,0.0,0.0,0.0,0.0,0.0,0.0,0.0,0.0,0.0,0.0,0.0,0.0,0.0,0.0,0.0,0.0,0.0,0.0,0.0,0.0,0.0,0.0,0.0,0.0,0.0,0.0,0.0,0.0,0.0,0.0,0.0,0.0,0.2544471025466919,0.7455528974533081,0.0,0.0
1781130279.7141516,1,8.695652173913043,True,0.27681461069732904,4.16699720062752e-05,99.72314238548279,False,99.9998927116394,True,0.0,0.0,0.717070996761322,0.2829289734363556,0.355286568403244,0.6447134613990784,0.0,0.0,0.0,0.0,0.0,0.0,0.0,0.0,0.0,0.0,0.0,0.0,0.0,0.0,0.0,0.0,0.0,0.0,0.0,0.0,0.0,0.0,0.0,0.0,0.0,0.0,0.0,0.0,0.0,0.0,0.0,0.0,0.0,0.0,0.0,0.0,0.8380916714668274,0.1619083136320114,0.0,0.0
1781130280.3524733,1,4.3478260869565215,True,0.37893857806921005,0.00012403190794429975,99.62093830108643,False,99.99911785125732,True,0.5874208807945251,0.41257911920547485,0.28251105546951294,0.7174889445304871,0.3131908178329468,0.6868091225624084,0.0,0.0,0.0,0.0,0.0,0.0,0.0,0.0,0.0,0.0,0.0,0.0,0.0,0.0,0.0,0.0,0.0,0.0,0.0,0.0,0.0,0.0,0.0,0.0,0.0,0.0,0.0,0.0,0.0,0.0,0.0,0.0,0.0,0.0,0.0,0.0,0.0,0.0,0.0,0.0
1781130281.0109496,1,8.695652173913043,True,100.0,5.000243383408709e-11,1.6707779478511503e-15,True,100.0,True,0.36324450373649597,0.6367555260658264,0.7132099270820618,0.2867901027202606,0.5530480146408081,0.4469520151615143,0.0,0.0,0.0,0.0,0.0,0.0,0.0,0.0,0.0,0.0,0.0,0.0,0.0,0.0,0.0,0.0,0.0,0.0,0.0,0.0,0.0,0.0,0.0,0.0,0.0,0.0,0.0,0.0,0.0,0.0,0.0,0.0,0.0,0.0,0.0,0.0,0.0,0.0,0.0,0.0
1781130281.6584513,0,0.0,False,7.051306962966919,92.94853210449219,0.00015794091723364545,True,99.99990463256836,True,0.3755078911781311,0.6244921088218689,0.3588200807571411,0.6411799192428589,0.18751662969589233,0.8124833703041077,0.0,0.0,0.0,0.0,0.0,0.0,0.0,0.0,0.0,0.0,0.0,0.0,0.0,0.0,0.0,0.0,0.0,0.0,0.0,0.0,0.0,0.0,0.0,0.0,0.0,0.0,0.0,0.0,0.0,0.0,0.0,0.0,0.0,0.0,0.0,0.0,0.0,0.0,0.0,0.0
1781130282.3156834,1,8.695652173913043,True,92.41214394569397,7.587839663028717,7.001936808137543e-06,True,99.99346733093262,True,0.981869637966156,0.018130408599972725,0.9996387958526611,0.00036117195850238204,0.23385286331176758,0.7661471366882324,0.0,0.0,0.0,0.0,0.0,0.0,0.0,0.0,0.0,0.0,0.0,0.0,0.0,0.0,0.0,0.0,0.0,0.0,0.0,0.0,0.0,0.0,0.0,0.0,0.0,0.0,0.0,0.0,0.0,0.0,0.0,0.0,0.0,0.0,0.0,0.0,0.0,0.0,0.21052460372447968,0.7894753813743591
1781130282.979708,0,4.3478260869565215,True,100.0,1.0525680771422685e-06,4.5490351936738893e-10,True,99.99860525131226,True,0.20229528844356537,0.7977046370506287,0.0871509462594986,0.9128490686416626,0.0,0.0,0.0,0.0,0.0,0.0,0.0,0.0,0.0,0.0,0.0,0.0,0.0,0.0,0.0,0.0,0.0,0.0,0.0,0.0,0.0,0.0,0.0,0.0,0.0,0.0,0.0,0.0,0.0,0.0,0.0,0.0,0.0,0.0,0.0,0.0,0.0,0.0,0.0,0.0,0.5790131092071533,0.4209868907928467
1781130284.1805468,1,4.3478260869565215,True,100.0,6.10860390048984e-09,5.170390330477446e-13,True,99.99961853027344,True,1.0,1.3859537961735668e-09,0.3744004964828491,0.6255995035171509,0.0,0.0,0.0,0.0,0.0,0.0,0.0,0.0,0.0,0.0,0.0,0.0,0.0,0.0,0.0,0.0,0.0,0.0,0.0,0.0,0.0,0.0,0.0,0.0,0.0,0.0,0.0,0.0,0.0,0.0,0.0,0.0,0.0,0.0,0.0,0.0,0.0,0.0,0.0,0.0,0.3375644385814667,0.6624355316162109
1781130284.83092,0,0.0,False,99.99996423721313,3.429753974160121e-05,2.0163895442237845e-06,True,99.99774694442749,True,0.4411035180091858,0.5588964819908142,0.1869582086801529,0.8130418658256531,0.0,0.0,0.0,0.0,0.0,0.0,0.0,0.0,0.0,0.0,0.0,0.0,0.0,0.0,0.0,0.0,0.0,0.0,0.0,0.0,0.0,0.0,0.0,0.0,0.0,0.0,0.0,0.0,0.0,0.0,0.0,0.0,0.0,0.0,0.0,0.0,0.0,0.0,0.0,0.0,0.1730387955904007,0.8269612193107605
1781130285.4959602,1,8.695652173913043,True,99.99077320098877,0.008898436499293894,0.000326498229696881,True,99.99998807907104,True,1.0,1.013282007880566e-31,0.44067493081092834,0.559325098991394,0.0,0.0,0.0,0.0,0.0,0.0,0.0,0.0,0.0,0.0,0.0,0.0,0.0,0.0,0.0,0.0,0.0,0.0,0.0,0.0,0.0,0.0,0.0,0.0,0.0,0.0,0.0,0.0,0.0,0.0,0.0,0.0,0.0,0.0,0.0,0.0,0.0,0.0,0.0,0.0,0.5289445519447327,0.4710554778575897
1781130286.1601658,1,8.695652173913043,True,7.007525937297032e-05,99.99992847442627,9.313701893054471e-09,True,99.99996423721313,True,0.8771869540214539,0.12281304597854614,0.0,0.0,0.0,0.0,0.0,0.0,0.0,0.0,0.0,0.0,0.0,0.0,0.0,0.0,0.0,0.0,0.0,0.0,0.0,0.0,0.0,0.0,0.0,0.0,0.0,0.0,0.0,0.0,0.0,0.0,0.0,0.0,0.0,0.0,0.0,0.0,0.0,0.0,0.0,0.0,0.16366416215896606,0.8363358378410339,0.9843043684959412,0.01569562591612339
1781130286.8135161,0,0.0,False,0.0002880563897633692,99.99971389770508,3.7225858506850784e-08,True,87.3445212841034,True,0.22487372159957886,0.7751262784004211,0.0,0.0,0.0,0.0,0.0,0.0,0.0,0.0,0.0,0.0,0.0,0.0,0.0,0.0,0.0,0.0,0.0,0.0,0.0,0.0,0.0,0.0,0.0,0.0,0.0,0.0,0.0,0.0,0.0,0.0,0.0,0.0,0.0,0.0,0.0,0.0,0.0,0.0,0.0,0.0,0.23220780491828918,0.7677921652793884,0.31100189685821533,0.6889980435371399
1781130287.4747639,1,4.3478260869565215,True,11.460268497467041,88.5359525680542,0.003780048427870497,True,99.99979734420776,True,0.9721302390098572,0.027869800105690956,0.4369858205318451,0.5630142092704773,0.0,0.0,0.0,0.0,0.0,0.0,0.0,0.0,0.0,0.0,0.0,0.0,0.0,0.0,0.0,0.0,0.0,0.0,0.0,0.0,0.0,0.0,0.0,0.0,0.0,0.0,0.0,0.0,0.0,0.0,0.0,0.0,0.0,0.0,0.0,0.0,0.0,0.0,0.0,0.0,0.4510916471481323,0.5489084124565125
1781130288.1703434,0,8.695652173913043,True,4.4858740011477494e-05,99.99995231628418,1.3037039503505099e-08,True,99.9998688697815,True,0.6791362762451172,0.3208636939525604,0.24678735435009003,0.7532126903533936,0.0,0.0,0.0,0.0,0.0,0.0,0.0,0.0,0.0,0.0,0.0,0.0,0.0,0.0,0.0,0.0,0.0,0.0,0.0,0.0,0.0,0.0,0.0,0.0,0.0,0.0,0.0,0.0,0.0,0.0,0.0,0.0,0.0,0.0,0.0,0.0,0.0,0.0,0.7808336615562439,0.21916627883911133,0.13370633125305176,0.866293728351593
1781130288.829167,0,4.3478260869565215,True,0.07326967315748334,9.658617727836827e-05,99.92663264274597,False,99.99860525131226,True,0.11296632885932922,0.8870336413383484,0.6500105261802673,0.3499894440174103,0.0,0.0,0.0,0.0,0.0,0.0,0.0,0.0,0.0,0.0,0.0,0.0,0.0,0.0,0.0,0.0,0.0,0.0,0.0,0.0,0.0,0.0,0.0,0.0,0.0,0.0,0.0,0.0,0.0,0.0,0.0,0.0,0.0,0.0,0.0,0.0,0.0,0.0,0.4341207444667816,0.5658792853355408,0.40136289596557617,0.5986371040344238
1781130289.460628,1,8.695652173913043,True,6.996001644665739e-06,99.99998807907104,8.857110357640696e-10,True,99.99774694442749,True,0.5414502620697021,0.45854970812797546,0.7951110005378723,0.2048889845609665,0.0,0.0,0.0,0.0,0.0,0.0,0.0,0.0,0.0,0.0,0.0,0.0,0.0,0.0,0.0,0.0,0.0,0.0,0.0,0.0,0.0,0.0,0.0,0.0,0.0,0.0,0.0,0.0,0.0,0.0,0.0,0.0,0.0,0.0,0.0,0.0,0.0,0.0,0.2885286509990692,0.7114713788032532,0.0,0.0
1781130290.0940475,0,0.0,False,0.0020210576622048393,99.99797344207764,4.1602082889724556e-08,True,99.9998927116394,True,0.1347394436597824,0.8652606010437012,0.3644140660762787,0.6355859041213989,0.0,0.0,0.0,0.0,0.0,0.0,0.0,0.0,0.0,0.0,0.0,0.0,0.0,0.0,0.0,0.0,0.0,0.0,0.0,0.0,0.0,0.0,0.0,0.0,0.0,0.0,0.0,0.0,0.0,0.0,0.0,0.0,0.0,0.0,0.0,0.0,0.0,0.0,0.1838512420654297,0.8161487579345703,0.4689357876777649,0.5310641527175903
1781130290.7382715,1,0.0,False,0.020576571114361286,2.407865338227566e-05,99.9794065952301,False,99.9998927116394,True,0.41020554304122925,0.5897944569587708,0.3278268575668335,0.6721731424331665,0.0,0.0,0.0,0.0,0.0,0.0,0.0,0.0,0.0,0.0,0.0,0.0,0.0,0.0,0.0,0.0,0.0,0.0,0.0,0.0,0.0,0.0,0.0,0.0,0.0,0.0,0.0,0.0,0.0,0.0,0.0,0.0,0.0,0.0,0.0,0.0,0.0,0.0,0.389201283454895,0.610798716545105,0.32857054471969604,0.6714293956756592
1781130291.4008124,1,8.695652173913043,True,100.0,1.5775658299761915e-13,1.1076577059350581e-16,True,99.9998927116394,True,0.9092385768890381,0.0907614603638649,0.6026599407196045,0.3973400294780731,0.0,0.0,0.0,0.0,0.0,0.0,0.0,0.0,0.0,0.0,0.0,0.0,0.0,0.0,0.0,0.0,0.0,0.0,0.0,0.0,0.0,0.0,0.0,0.0,0.0,0.0,0.0,0.0,0.0,0.0,0.0,0.0,0.0,0.0,0.0,0.0,0.0,0.0,0.4280712902545929,0.5719286799430847,0.4651569724082947,0.5348430871963501
1781130292.045615,1,8.695652173913043,True,1.1478619650006294,98.8515317440033,0.0006083850621507736,True,99.9987006187439,True,0.6177177429199219,0.38228222727775574,0.2907414138317108,0.7092585563659668,0.0,0.0,0.0,0.0,0.0,0.0,0.0,0.0,0.0,0.0,0.0,0.0,0.0,0.0,0.0,0.0,0.0,0.0,0.0,0.0,0.0,0.0,0.0,0.0,0.0,0.0,0.0,0.0,0.0,0.0,0.0,0.0,0.0,0.0,0.0,0.0,0.0,0.0,0.15066319704055786,0.8493368029594421,1.0,3.1361988374179977e-18
1781130292.695013,1,13.043478260869565,True,0.03349713806528598,99.96646642684937,3.3205265026481356e-05,True,99.97357726097107,True,0.6289555430412292,0.371044397354126,0.0,0.0,0.0,0.0,0.0,0.0,0.0,0.0,0.0,0.0,0.0,0.0,0.0,0.0,0.0,0.0,0.0,0.0,0.0,0.0,0.0,0.0,0.0,0.0,0.0,0.0,0.0,0.0,0.0,0.0,0.0,0.0,0.0,0.0,0.0,0.0,0.0,0.0,0.0,0.0,0.834382176399231,0.16561783850193024,1.0,1.3344348543356054e-18
1781130293.3507261,0,0.0,False,100.0,1.2026943885246055e-06,4.901158038445041e-10,True,99.99727010726929,True,0.34139591455459595,0.6586040258407593,0.0,0.0,0.0,0.0,0.0,0.0,0.0,0.0,0.0,0.0,0.0,0.0,0.0,0.0,0.0,0.0,0.0,0.0,0.0,0.0,0.0,0.0,0.0,0.0,0.0,0.0,0.0,0.0,0.0,0.0,0.0,0.0,0.0,0.0,0.0,0.0,0.0,0.0,0.0,0.0,0.1955859363079071,0.8044140338897705,0.4802135229110718,0.519786536693573
1781130293.9914658,1,4.3478260869565215,True,9.110343035523272e-08,100.0,7.648592317225505e-12,True,99.99990463256836,True,0.32457900047302246,0.6754209995269775,0.0,0.0,0.0,0.0,0.0,0.0,0.0,0.0,0.0,0.0,0.0,0.0,0.0,0.0,0.0,0.0,0.0,0.0,0.0,0.0,0.0,0.0,0.0,0.0,0.0,0.0,0.0,0.0,0.0,0.0,0.0,0.0,0.0,0.0,0.0,0.0,0.0,0.0,0.0,0.0,0.29923298954963684,0.7007669806480408,1.0,4.65702060180556e-15
1781130294.6331754,1,8.695652173913043,True,93.85783672332764,6.14178404211998,0.0003758661932806717,True,99.9987244606018,True,0.8719807267189026,0.1280192732810974,0.0,0.0,0.0,0.0,0.0,0.0,0.0,0.0,0.0,0.0,0.0,0.0,0.0,0.0,0.0,0.0,0.0,0.0,0.0,0.0,0.0,0.0,0.0,0.0,0.0,0.0,0.0,0.0,0.0,0.0,0.0,0.0,0.0,0.0,0.0,0.0,0.0,0.0,0.0,0.0,0.4936400055885315,0.5063599944114685,1.0,0.0
1781130295.292728,0,4.3478260869565215,True,100.0,2.09327946821972e-12,5.300166805968732e-16,True,87.3445212841034,True,0.23459464311599731,0.7654052972793579,0.0,0.0,0.0,0.0,0.0,0.0,0.0,0.0,0.0,0.0,0.0,0.0,0.0,0.0,0.0,0.0,0.0,0.0,0.0,0.0,0.0,0.0,0.0,0.0,0.0,0.0,0.0,0.0,0.0,0.0,0.0,0.0,0.0,0.0,0.0,0.0,0.0,0.0,0.0,0.0,0.42800572514533997,0.5719942450523376,0.9357814788818359,0.06421849131584167
1781130295.9794846,0,0.0,False,100.0,1.9653386990753363e-10,2.8190633421382172e-11,True,99.99994039535522,True,0.44247904419898987,0.5575209856033325,0.0,0.0,0.0,0.0,0.0,0.0,0.0,0.0,0.0,0.0,0.0,0.0,0.0,0.0,0.0,0.0,0.0,0.0,0.0,0.0,0.0,0.0,0.0,0.0,0.0,0.0,0.0,0.0,0.0,0.0,0.0,0.0,0.0,0.0,0.0,0.0,0.0,0.0,0.0,0.0,0.27802732586860657,0.7219727039337158,0.25863489508628845,0.7413651347160339
1781130296.6365142,0,0.0,False,0.013842174666933715,99.98615980148315,2.0239006026656625e-07,True,99.99767541885376,True,0.1517379879951477,0.8482620120048523,0.0,0.0,0.0,0.0,0.0,0.0,0.0,0.0,0.0,0.0,0.0,0.0,0.0,0.0,0.0,0.0,0.0,0.0,0.0,0.0,0.0,0.0,0.0,0.0,0.0,0.0,0.0,0.0,0.0,0.0,0.0,0.0,0.0,0.0,0.0,0.0,0.0,0.0,0.0,0.0,0.21652942895889282,0.7834705114364624,0.20540080964565277,0.794599175453186
1781130297.280856,1,8.695652173913043,True,4.7162731497962795e-07,100.0,2.6293957245890343e-11,True,99.99996423721313,True,0.1620997041463852,0.8379003405570984,0.0,0.0,0.0,0.0,0.0,0.0,0.0,0.0,0.0,0.0,0.0,0.0,0.0,0.0,0.0,0.0,0.0,0.0,0.0,0.0,0.0,0.0,0.0,0.0,0.0,0.0,0.0,0.0,0.0,0.0,0.0,0.0,0.0,0.0,0.0,0.0,0.0,0.0,0.0,0.0,0.6990755796432495,0.3009243905544281,0.6576138734817505,0.3423861563205719
1781130297.9528534,0,0.0,False,100.0,1.0793910903972304e-09,1.194589359056257e-14,True,99.99973773956299,True,0.0,0.0,0.0,0.0,0.0,0.0,0.0,0.0,0.0,0.0,0.0,0.0,0.0,0.0,0.0,0.0,0.0,0.0,0.0,0.0,0.0,0.0,0.0,0.0,0.0,0.0,0.0,0.0,0.0,0.0,0.0,0.0,0.0,0.0,0.0,0.0,0.0,0.0,0.0,0.0,0.2858112156391144,0.714188814163208,0.3611813485622406,0.6388186812400818,0.19738413393497467,0.8026158809661865
1781130298.612275,0,0.0,False,99.96821880340576,0.03022347518708557,0.0015586128938593902,True,99.99961853027344,True,0.1483299285173416,0.8516700863838196,0.0,0.0,0.0,0.0,0.0,0.0,0.0,0.0,0.0,0.0,0.0,0.0,0.0,0.0,0.0,0.0,0.0,0.0,0.0,0.0,0.0,0.0,0.0,0.0,0.0,0.0,0.0,0.0,0.0,0.0,0.0,0.0,0.0,0.0,0.0,0.0,0.0,0.0,0.0939527079463005,0.9060472846031189,0.27666184306144714,0.7233381271362305,0.33930155634880066,0.660698413848877
1781130299.255028,0,0.0,False,100.0,4.62527634804131e-13,6.648688504777084e-15,True,99.99995231628418,True,0.23259972035884857,0.7674002647399902,0.0,0.0,0.0,0.0,0.0,0.0,0.0,0.0,0.0,0.0,0.0,0.0,0.0,0.0,0.0,0.0,0.0,0.0,0.0,0.0,0.0,0.0,0.0,0.0,0.0,0.0,0.0,0.0,0.0,0.0,0.0,0.0,0.0,0.0,0.0,0.0,0.0,0.0,0.0,0.0,0.1660958230495453,0.8339041471481323,0.198844313621521,0.801155686378479
1781130299.913222,1,8.695652173913043,True,100.0,2.7572046869364956e-13,1.014264250217493e-14,True,99.99996423721313,True,0.9160755276679993,0.08392442762851715,0.0,0.0,0.0,0.0,0.0,0.0,0.0,0.0,0.0,0.0,0.0,0.0,0.0,0.0,0.0,0.0,0.0,0.0,0.0,0.0,0.0,0.0,0.0,0.0,0.0,0.0,0.0,0.0,0.0,0.0,0.0,0.0,0.0,0.0,0.0,0.0,0.0,0.0,0.0,0.0,0.0,0.0,0.864658772945404,0.13534128665924072
1781130301.120577,0,0.0,False,0.0031692983611719683,99.99682903289795,1.3154750899690981e-08,True,99.99911785125732,True,0.18475934863090515,0.8152406811714172,0.0,0.0,0.0,0.0,0.0,0.0,0.0,0.0,0.0,0.0,0.0,0.0,0.0,0.0,0.0,0.0,0.0,0.0,0.0,0.0,0.0,0.0,0.0,0.0,0.0,0.0,0.0,0.0,0.0,0.0,0.0,0.0,0.0,0.0,0.0,0.0,0.0,0.0,0.0,0.0,0.0,0.0,0.4447547197341919,0.5552452802658081
1781130301.775012,1,8.695652173913043,True,0.07058150949887931,99.92941617965698,4.846320678097982e-06,True,99.9998927116394,True,0.9986861348152161,0.001313817105256021,0.0,0.0,0.0,0.0,0.0,0.0,0.0,0.0,0.0,0.0,0.0,0.0,0.0,0.0,0.0,0.0,0.0,0.0,0.0,0.0,0.0,0.0,0.0,0.0,0.0,0.0,0.0,0.0,0.0,0.0,0.0,0.0,0.0,0.0,0.0,0.0,0.0,0.0,0.0,0.0,0.31515833735466003,0.6848416924476624,0.6581951975822449,0.34180477261543274
1781130302.4248018,0,0.0,False,100.0,1.0208096337899295e-12,3.664422355882978e-15,True,99.98996257781982,True,0.1210818812251091,0.8789181113243103,0.21427549421787262,0.7857245206832886,0.0,0.0,0.0,0.0,0.0,0.0,0.0,0.0,0.0,0.0,0.0,0.0,0.0,0.0,0.0,0.0,0.0,0.0,0.0,0.0,0.0,0.0,0.0,0.0,0.0,0.0,0.0,0.0,0.0,0.0,0.0,0.0,0.0,0.0,0.0,0.0,0.0,0.0,0.2836874723434448,0.7163124680519104,0.24121227860450745,0.7587877511978149
1781130303.0597692,1,13.043478260869565,True,99.96417760848999,0.0357973127393052,2.5251793545066903e-05,True,99.99947547912598,True,1.0,0.0,0.7057459354400635,0.29425400495529175,0.0,0.0,0.0,0.0,0.0,0.0,0.0,0.0,0.0,0.0,0.0,0.0,0.0,0.0,0.0,0.0,0.0,0.0,0.0,0.0,0.0,0.0,0.0,0.0,0.0,0.0,0.0,0.0,0.0,0.0,0.0,0.0,0.0,0.0,0.0,0.0,0.0,0.0,0.0,0.0,0.5081275105476379,0.49187248945236206
1781130303.7193344,1,8.695652173913043,True,100.0,3.7388432736103205e-11,3.251852790482355e-15,True,99.99961853027344,True,1.0,1.7749774462456468e-15,0.9231525659561157,0.07684747129678726,0.0,0.0,0.0,0.0,0.0,0.0,0.0,0.0,0.0,0.0,0.0,0.0,0.0,0.0,0.0,0.0,0.0,0.0,0.0,0.0,0.0,0.0,0.0,0.0,0.0,0.0,0.0,0.0,0.0,0.0,0.0,0.0,0.0,0.0,0.0,0.0,0.0,0.0,0.0,0.0,0.48503145575523376,0.5149685740470886
1781130304.3600242,1,8.695652173913043,True,12.525168061256409,87.46987581253052,0.004955985059496015,True,99.99368190765381,True,0.9500359892845154,0.04996402561664581,0.7280406355857849,0.2719593346118927,0.0,0.0,0.0,0.0,0.0,0.0,0.0,0.0,0.0,0.0,0.0,0.0,0.0,0.0,0.0,0.0,0.0,0.0,0.0,0.0,0.0,0.0,0.0,0.0,0.0,0.0,0.0,0.0,0.0,0.0,0.0,0.0,0.0,0.0,0.0,0.0,0.0,0.0,0.0,0.0,0.0,0.0
1781130304.9968884,1,4.3478260869565215,True,1.8452044336925155e-07,100.0,2.7818234369682282e-11,True,99.9998927116394,True,0.9603963494300842,0.03960360214114189,0.4057687819004059,0.5942311882972717,0.0,0.0,0.0,0.0,0.0,0.0,0.0,0.0,0.0,0.0,0.0,0.0,0.0,0.0,0.0,0.0,0.0,0.0,0.0,0.0,0.0,0.0,0.0,0.0,0.0,0.0,0.0,0.0,0.0,0.0,0.0,0.0,0.0,0.0,0.0,0.0,0.0,0.0,0.0,0.0,0.0,0.0
1781130305.653025,1,4.3478260869565215,True,100.0,5.2258972973659445e-11,9.541947746369739e-16,True,99.98581409454346,True,0.5149146318435669,0.4850853681564331,0.15436296164989471,0.8456370830535889,0.0,0.0,0.0,0.0,0.0,0.0,0.0,0.0,0.0,0.0,0.0,0.0,0.0,0.0,0.0,0.0,0.0,0.0,0.0,0.0,0.0,0.0,0.0,0.0,0.0,0.0,0.0,0.0,0.0,0.0,0.0,0.0,0.0,0.0,0.0,0.0,0.0,0.0,0.0,0.0,0.0,0.0
1781130306.3307674,0,0.0,False,0.6864921189844608,99.3131697177887,0.00034168556339864153,True,99.99996423721313,True,0.3445929288864136,0.6554071307182312,0.18577618896961212,0.8142238259315491,0.0,0.0,0.0,0.0,0.0,0.0,0.0,0.0,0.0,0.0,0.0,0.0,0.0,0.0,0.0,0.0,0.0,0.0,0.0,0.0,0.0,0.0,0.0,0.0,0.0,0.0,0.0,0.0,0.0,0.0,0.0,0.0,0.0,0.0,0.0,0.0,0.0,0.0,0.0,0.0,0.0,0.0
1781130307.0102408,0,0.0,False,100.0,4.62527634804131e-13,6.648688504777084e-15,True,99.99911785125732,True,0.3916870653629303,0.6083129644393921,0.23055996000766754,0.7694400548934937,0.0,0.0,0.0,0.0,0.0,0.0,0.0,0.0,0.0,0.0,0.0,0.0,0.0,0.0,0.0,0.0,0.0,0.0,0.0,0.0,0.0,0.0,0.0,0.0,0.0,0.0,0.0,0.0,0.0,0.0,0.0,0.0,0.0,0.0,0.0,0.0,0.0,0.0,0.0,0.0,0.0,0.0
1781130307.7156966,0,0.0,False,99.97548460960388,0.024483262677676976,3.85419554049804e-05,True,99.9998927116394,True,0.1397828310728073,0.8602171540260315,0.23173189163208008,0.7682681083679199,0.0,0.0,0.0,0.0,0.0,0.0,0.0,0.0,0.0,0.0,0.0,0.0,0.0,0.0,0.0,0.0,0.0,0.0,0.0,0.0,0.0,0.0,0.0,0.0,0.0,0.0,0.0,0.0,0.0,0.0,0.0,0.0,0.0,0.0,0.0,0.0,0.0,0.0,0.0,0.0,0.0,0.0
1781130308.4733348,0,0.0,False,0.018221643404103816,99.98177886009216,3.893182309866461e-06,True,99.99998807907104,True,0.18137218058109283,0.8186278343200684,0.3141610622406006,0.6858389377593994,0.477954238653183,0.5220457315444946,0.0,0.0,0.0,0.0,0.0,0.0,0.0,0.0,0.0,0.0,0.0,0.0,0.0,0.0,0.0,0.0,0.0,0.0,0.0,0.0,0.0,0.0,0.0,0.0,0.0,0.0,0.0,0.0,0.0,0.0,0.0,0.0,0.0,0.0,0.0,0.0,0.0,0.0,0.0,0.0
1781130309.1329439,0,4.3478260869565215,True,0.021548024960793555,99.9784529209137,1.1564632806937425e-06,True,99.99866485595703,True,0.39667564630508423,0.6033243536949158,0.46095380187034607,0.5390462279319763,0.6785294413566589,0.32147055864334106,0.0,0.0,0.0,0.0,0.0,0.0,0.0,0.0,0.0,0.0,0.0,0.0,0.0,0.0,0.0,0.0,0.0,0.0,0.0,0.0,0.0,0.0,0.0,0.0,0.0,0.0,0.0,0.0,0.0,0.0,0.0,0.0,0.0,0.0,0.0,0.0,0.0,0.0,0.0,0.0
1781130309.7862494,1,8.695652173913043,True,95.82385420799255,4.174775630235672,0.001365681782772299,True,99.99774694442749,True,0.5040773749351501,0.49592262506484985,0.9999948740005493,5.148422587808454e-06,0.4468032121658325,0.5531967878341675,0.0,0.0,0.0,0.0,0.0,0.0,0.0,0.0,0.0,0.0,0.0,0.0,0.0,0.0,0.0,0.0,0.0,0.0,0.0,0.0,0.0,0.0,0.0,0.0,0.0,0.0,0.0,0.0,0.0,0.0,0.0,0.0,0.0,0.0,0.0,0.0,0.0,0.0,0.0,0.0
1781130310.4330044,0,0.0,False,8.538236784261244e-05,99.99991655349731,4.1523853799851906e-08,True,99.99960660934448,True,0.22154483199119568,0.7784551978111267,0.22142094373703003,0.7785789966583252,0.26633867621421814,0.7336612939834595,0.0,0.0,0.0,0.0,0.0,0.0,0.0,0.0,0.0,0.0,0.0,0.0,0.0,0.0,0.0,0.0,0.0,0.0,0.0,0.0,0.0,0.0,0.0,0.0,0.0,0.0,0.0,0.0,0.0,0.0,0.0,0.0,0.0,0.0,0.0,0.0,0.0,0.0,0.0,0.0
1781130311.0750794,1,4.3478260869565215,True,100.0,1.1718500247861335e-11,9.67739609013346e-16,True,99.99574422836304,True,0.2594655156135559,0.7405344843864441,0.9703277945518494,0.029672157019376755,0.33117932081222534,0.6688206195831299,0.0,0.0,0.0,0.0,0.0,0.0,0.0,0.0,0.0,0.0,0.0,0.0,0.0,0.0,0.0,0.0,0.0,0.0,0.0,0.0,0.0,0.0,0.0,0.0,0.0,0.0,0.0,0.0,0.0,0.0,0.0,0.0,0.0,0.0,0.0,0.0,0.0,0.0,0.0,0.0
1781130311.7256427,1,8.695652173913043,True,100.0,3.0814580924307697e-16,7.552388018241243e-17,True,99.99936819076538,True,0.8284010887145996,0.17159892618656158,0.9825678467750549,0.017432140186429024,0.39510494470596313,0.6048950552940369,0.0,0.0,0.0,0.0,0.0,0.0,0.0,0.0,0.0,0.0,0.0,0.0,0.0,0.0,0.0,0.0,0.0,0.0,0.0,0.0,0.0,0.0,0.0,0.0,0.0,0.0,0.0,0.0,0.0,0.0,0.0,0.0,0.0,0.0,0.0,0.0,0.0,0.0,0.0,0.0
1781130312.3725195,1,0.0,False,0.20657731220126152,0.00022910101051820675,99.7931957244873,False,99.85963702201843,True,0.0,0.0,0.47724804282188416,0.5227519869804382,0.356421560049057,0.6435784697532654,0.0,0.0,0.0,0.0,0.0,0.0,0.0,0.0,0.0,0.0,0.0,0.0,0.0,0.0,0.0,0.0,0.0,0.0,0.0,0.0,0.0,0.0,0.0,0.0,0.0,0.0,0.0,0.0,0.0,0.0,0.0,0.0,0.0,0.0,0.0,0.0,0.0,0.0,0.0,0.0
1781130313.00542,0,0.0,False,0.09498478611931205,0.0001266209437744692,99.90488886833191,False,99.99574422836304,True,0.0,0.0,0.0,0.0,0.18846410512924194,0.8115358948707581,0.0,0.0,0.0,0.0,0.0,0.0,0.0,0.0,0.0,0.0,0.0,0.0,0.0,0.0,0.0,0.0,0.0,0.0,0.0,0.0,0.0,0.0,0.0,0.0,0.0,0.0,0.0,0.0,0.0,0.0,0.0,0.0,0.0,0.0,0.0,0.0,0.0,0.0,0.0,0.0
1781130313.6370354,1,4.3478260869565215,True,0.1565583050251007,6.369829748109623e-05,99.8433768749237,False,100.0,True,0.0,0.0,0.0,0.0,0.5805776119232178,0.4194224178791046,0.0,0.0,0.0,0.0,0.0,0.0,0.0,0.0,0.0,0.0,0.0,0.0,0.0,0.0,0.0,0.0,0.0,0.0,0.0,0.0,0.0,0.0,0.0,0.0,0.0,0.0,0.0,0.0,0.0,0.0,0.0,0.0,0.0,0.0,0.0,0.0,0.0,0.0,0.0,0.0
1781130314.278261,1,4.3478260869565215,True,0.03819236299023032,4.1722225319063e-05,99.96175765991211,False,99.00423288345337,True,0.0,0.0,0.0,0.0,0.5887770652770996,0.41122299432754517,0.0,0.0,0.0,0.0,0.0,0.0,0.0,0.0,0.0,0.0,0.0,0.0,0.0,0.0,0.0,0.0,0.0,0.0,0.0,0.0,0.0,0.0,0.0,0.0,0.0,0.0,0.0,0.0,0.0,0.0,0.0,0.0,0.0,0.0,0.0,0.0,0.0,0.0,0.0,0.0
1781130314.9094434,0,0.0,False,0.07326967315748334,9.658617727836827e-05,99.92663264274597,False,99.99979734420776,True,0.0,0.0,0.0,0.0,0.269977331161499,0.730022668838501,0.0,0.0,0.0,0.0,0.0,0.0,0.0,0.0,0.0,0.0,0.0,0.0,0.0,0.0,0.0,0.0,0.0,0.0,0.0,0.0,0.0,0.0,0.0,0.0,0.0,0.0,0.0,0.0,0.0,0.0,0.0,0.0,0.0,0.0,0.0,0.0,0.0,0.0,0.0,0.0
1781130315.5634615,0,4.3478260869565215,True,0.1440940541215241,2.859606240690482e-05,99.85588192939758,False,99.85963702201843,True,0.0,0.0,0.6112944483757019,0.3887054920196533,0.47432488203048706,0.5256751179695129,0.0,0.0,0.0,0.0,0.0,0.0,0.0,0.0,0.0,0.0,0.0,0.0,0.0,0.0,0.0,0.0,0.0,0.0,0.0,0.0,0.0,0.0,0.0,0.0,0.0,0.0,0.0,0.0,0.0,0.0,0.0,0.0,0.0,0.0,0.0,0.0,0.0,0.0,0.0,0.0
1781130316.207828,1,4.3478260869565215,True,0.13811830431222916,0.00010242049484077143,99.86177682876587,False,99.99998807907104,True,0.0,0.0,0.26325029134750366,0.7367497086524963,0.5201090574264526,0.47989094257354736,0.0,0.0,0.0,0.0,0.0,0.0,0.0,0.0,0.0,0.0,0.0,0.0,0.0,0.0,0.0,0.0,0.0,0.0,0.0,0.0,0.0,0.0,0.0,0.0,0.0,0.0,0.0,0.0,0.0,0.0,0.0,0.0,0.0,0.0,0.0,0.0,0.0,0.0,0.0,0.0
1781130316.8537464,1,0.0,False,0.3453862853348255,0.00014278381286203512,99.65446591377258,False,99.9992847442627,True,0.0,0.0,0.0,0.0,0.22165806591510773,0.7783418893814087,0.0,0.0,0.0,0.0,0.0,0.0,0.0,0.0,0.0,0.0,0.0,0.0,0.0,0.0,0.0,0.0,0.0,0.0,0.0,0.0,0.0,0.0,0.0,0.0,0.0,0.0,0.0,0.0,0.0,0.0,0.0,0.0,0.0,0.0,0.0,0.0,0.0,0.0,0.0,0.0
1781130318.0947073,0,0.0,False,0.16466232482343912,4.457459681361797e-05,99.83528852462769,False,99.98488426208496,True,0.0,0.0,0.0,0.0,0.15486213564872742,0.845137894153595,0.0,0.0,0.0,0.0,0.0,0.0,0.0,0.0,0.0,0.0,0.0,0.0,0.0,0.0,0.0,0.0,0.0,0.0,0.0,0.0,0.0,0.0,0.0,0.0,0.0,0.0,0.0,0.0,0.0,0.0,0.0,0.0,0.0,0.0,0.0,0.0,0.0,0.0,0.0,0.0
1781130318.7388191,1,0.0,False,0.3259948920458555,0.00015757574374219985,99.67384934425354,False,99.99983310699463,True,0.0,0.0,0.11541913449764252,0.8845809102058411,0.29278722405433655,0.7072127461433411,0.0,0.0,0.0,0.0,0.0,0.0,0.0,0.0,0.0,0.0,0.0,0.0,0.0,0.0,0.0,0.0,0.0,0.0,0.0,0.0,0.0,0.0,0.0,0.0,0.0,0.0,0.0,0.0,0.0,0.0,0.0,0.0,0.0,0.0,0.0,0.0,0.0,0.0,0.0,0.0
1781130319.394671,0,0.0,False,0.17356332391500473,0.00010340337439629366,99.82632994651794,False,99.97357726097107,True,0.0,0.0,0.3109070956707001,0.6890929341316223,0.26878005266189575,0.7312199473381042,0.0,0.0,0.0,0.0,0.0,0.0,0.0,0.0,0.0,0.0,0.0,0.0,0.0,0.0,0.0,0.0,0.0,0.0,0.0,0.0,0.0,0.0,0.0,0.0,0.0,0.0,0.0,0.0,0.0,0.0,0.0,0.0,0.0,0.0,0.0,0.0,0.0,0.0,0.0,0.0
1781130320.0324962,1,0.0,False,0.006493087130365893,0.02890522009693086,99.96459484100342,False,0.002299128937011119,False,0.0,0.0,0.0,0.0,0.0,0.0,0.0,0.0,0.0,0.0,0.0,0.0,0.0,0.0,0.0,0.0,0.0,0.0,0.0,0.0,0.0,0.0,0.0,0.0,0.0,0.0,0.0,0.0,0.0,0.0,0.0,0.0,0.0,0.0,0.0,0.0,0.0,0.0,0.0,0.0,0.0,0.0,0.0,0.0,0.0,0.0
1781130320.6704206,1,0.0,False,0.5443493835628033,0.00020031909571116557,99.45545196533203,False,6.209396588019445e-05,False,0.0,0.0,0.0,0.0,0.0,0.0,0.0,0.0,0.0,0.0,0.0,0.0,0.0,0.0,0.0,0.0,0.0,0.0,0.0,0.0,0.0,0.0,0.0,0.0,0.0,0.0,0.0,0.0,0.0,0.0,0.0,0.0,0.0,0.0,0.0,0.0,0.0,0.0,0.0,0.0,0.0,0.0,0.0,0.0,0.0,0.0
1781130321.336997,1,0.0,False,0.9024257771670818,0.000145629053349694,99.09743666648865,False,0.009729198791319504,False,0.0,0.0,0.0,0.0,0.0,0.0,0.0,0.0,0.0,0.0,0.0,0.0,0.0,0.0,0.0,0.0,0.0,0.0,0.0,0.0,0.0,0.0,0.0,0.0,0.0,0.0,0.0,0.0,0.0,0.0,0.0,0.0,0.0,0.0,0.0,0.0,0.0,0.0,0.0,0.0,0.0,0.0,0.0,0.0,0.0,0.0
1781130321.980255,0,0.0,False,0.36610057577490807,5.368959818952135e-05,99.63383674621582,False,0.0015299938240787014,False,0.0,0.0,0.0,0.0,0.0,0.0,0.0,0.0,0.0,0.0,0.0,0.0,0.0,0.0,0.0,0.0,0.0,0.0,0.0,0.0,0.0,0.0,0.0,0.0,0.0,0.0,0.0,0.0,0.0,0.0,0.0,0.0,0.0,0.0,0.0,0.0,0.0,0.0,0.0,0.0,0.0,0.0,0.0,0.0,0.0,0.0
1781130322.6235473,1,0.0,False,0.1565583050251007,6.369829748109623e-05,99.8433768749237,False,0.0003638320094978553,False,0.0,0.0,0.0,0.0,0.0,0.0,0.0,0.0,0.0,0.0,0.0,0.0,0.0,0.0,0.0,0.0,0.0,0.0,0.0,0.0,0.0,0.0,0.0,0.0,0.0,0.0,0.0,0.0,0.0,0.0,0.0,0.0,0.0,0.0,0.0,0.0,0.0,0.0,0.0,0.0,0.0,0.0,0.0,0.0,0.0,0.0
1781130323.267685,0,0.0,False,0.03373746876604855,0.016063847579061985,99.95019435882568,False,0.022971337602939457,False,0.0,0.0,0.0,0.0,0.0,0.0,0.0,0.0,0.0,0.0,0.0,0.0,0.0,0.0,0.0,0.0,0.0,0.0,0.0,0.0,0.0,0.0,0.0,0.0,0.0,0.0,0.0,0.0,0.0,0.0,0.0,0.0,0.0,0.0,0.0,0.0,0.0,0.0,0.0,0.0,0.0,0.0,0.0,0.0,0.0,0.0
1781130323.9085994,0,0.0,False,0.009696008783066645,0.002162865348509513,99.98815059661865,False,0.0023801487259333953,False,0.0,0.0,0.0,0.0,0.0,0.0,0.0,0.0,0.0,0.0,0.0,0.0,0.0,0.0,0.0,0.0,0.0,0.0,0.0,0.0,0.0,0.0,0.0,0.0,0.0,0.0,0.0,0.0,0.0,0.0,0.0,0.0,0.0,0.0,0.0,0.0,0.0,0.0,0.0,0.0,0.0,0.0,0.0,0.0,0.0,0.0
1781130324.552333,1,0.0,False,0.0880396575666964,0.00026850871108763386,99.9116837978363,False,99.99998807907104,True,0.0,0.0,0.3954576551914215,0.6045423746109009,0.31082063913345337,0.6891793012619019,0.0,0.0,0.0,0.0,0.0,0.0,0.0,0.0,0.0,0.0,0.0,0.0,0.0,0.0,0.0,0.0,0.0,0.0,0.0,0.0,0.0,0.0,0.0,0.0,0.0,0.0,0.0,0.0,0.0,0.0,0.0,0.0,0.0,0.0,0.0,0.0,0.0,0.0,0.0,0.0
1781130325.2057483,0,0.0,False,0.2705750521272421,9.628622592572356e-05,99.72932934761047,False,99.9998688697815,True,0.0,0.0,0.1832672506570816,0.8167327046394348,0.10250755399465561,0.8974924683570862,0.0,0.0,0.0,0.0,0.0,0.0,0.0,0.0,0.0,0.0,0.0,0.0,0.0,0.0,0.0,0.0,0.0,0.0,0.0,0.0,0.0,0.0,0.0,0.0,0.0,0.0,0.0,0.0,0.0,0.0,0.0,0.0,0.0,0.0,0.0,0.0,0.0,0.0,0.0,0.0
1781130325.8541844,1,0.0,False,0.15449670609086752,3.447418635005306e-05,99.84546899795532,False,0.04445519589353353,False,0.0,0.0,0.0,0.0,0.0,0.0,0.0,0.0,0.0,0.0,0.0,0.0,0.0,0.0,0.0,0.0,0.0,0.0,0.0,0.0,0.0,0.0,0.0,0.0,0.0,0.0,0.0,0.0,0.0,0.0,0.0,0.0,0.0,0.0,0.0,0.0,0.0,0.0,0.0,0.0,0.0,0.0,0.0,0.0,0.0,0.0
1781130326.4728563,1,0.0,False,0.005103245348436758,2.7262140633865783e-05,99.99487400054932,False,4.224526719553978e-05,False,0.0,0.0,0.0,0.0,0.0,0.0,0.0,0.0,0.0,0.0,0.0,0.0,0.0,0.0,0.0,0.0,0.0,0.0,0.0,0.0,0.0,0.0,0.0,0.0,0.0,0.0,0.0,0.0,0.0,0.0,0.0,0.0,0.0,0.0,0.0,0.0,0.0,0.0,0.0,0.0,0.0,0.0,0.0,0.0,0.0,0.0
1781130327.1059804,1,4.3478260869565215,True,0.005103245348436758,2.7262140633865783e-05,99.99487400054932,False,99.99978542327881,True,0.222799152135849,0.7772008180618286,0.7345297336578369,0.2654702365398407,0.0,0.0,0.0,0.0,0.0,0.0,0.0,0.0,0.0,0.0,0.0,0.0,0.0,0.0,0.0,0.0,0.0,0.0,0.0,0.0,0.0,0.0,0.0,0.0,0.0,0.0,0.0,0.0,0.0,0.0,0.0,0.0,0.0,0.0,0.0,0.0,0.0,0.0,0.0,0.0,0.0,0.0
1781130327.7470288,1,0.0,False,99.99988079071045,0.00012069615422660718,3.6410943704545673e-10,True,99.99574422836304,True,0.4580386281013489,0.5419613718986511,0.43881380558013916,0.5611861944198608,0.0,0.0,0.0,0.0,0.0,0.0,0.0,0.0,0.0,0.0,0.0,0.0,0.0,0.0,0.0,0.0,0.0,0.0,0.0,0.0,0.0,0.0,0.0,0.0,0.0,0.0,0.0,0.0,0.0,0.0,0.0,0.0,0.0,0.0,0.0,0.0,0.0,0.0,0.0,0.0,0.0,0.0
1781130328.419169,1,4.3478260869565215,True,0.003180464409524575,99.996817111969,3.59387120063559e-07,True,99.99988079071045,True,0.5300008058547974,0.469999223947525,0.42605966329574585,0.5739403963088989,0.0,0.0,0.0,0.0,0.0,0.0,0.0,0.0,0.0,0.0,0.0,0.0,0.0,0.0,0.0,0.0,0.0,0.0,0.0,0.0,0.0,0.0,0.0,0.0,0.0,0.0,0.0,0.0,0.0,0.0,0.0,0.0,0.0,0.0,0.0,0.0,0.0,0.0,0.0,0.0,0.0,0.0
1781130329.0710583,1,4.3478260869565215,True,100.0,5.546435272868466e-10,1.0689019622493658e-12,True,99.55381155014038,True,0.6631536483764648,0.33684635162353516,0.2763306200504303,0.7236693501472473,0.0,0.0,0.0,0.0,0.0,0.0,0.0,0.0,0.0,0.0,0.0,0.0,0.0,0.0,0.0,0.0,0.0,0.0,0.0,0.0,0.0,0.0,0.0,0.0,0.0,0.0,0.0,0.0,0.0,0.0,0.0,0.0,0.0,0.0,0.0,0.0,0.0,0.0,0.0,0.0,0.0,0.0
1781130329.7284203,0,0.0,False,0.41694585233926773,0.00014548558056048932,99.5829164981842,False,99.99996423721313,True,0.37627559900283813,0.6237244009971619,0.18680943548679352,0.8131905794143677,0.0,0.0,0.0,0.0,0.0,0.0,0.0,0.0,0.0,0.0,0.0,0.0,0.0,0.0,0.0,0.0,0.0,0.0,0.0,0.0,0.0,0.0,0.0,0.0,0.0,0.0,0.0,0.0,0.0,0.0,0.0,0.0,0.0,0.0,0.0,0.0,0.0,0.0,0.0,0.0,0.0,0.0
1781130330.3697593,0,0.0,False,1.8145847491268796e-05,99.99997615814209,5.613825810463213e-10,True,99.99995231628418,True,0.41374579071998596,0.5862541794776917,0.2832159698009491,0.7167840003967285,0.0,0.0,0.0,0.0,0.0,0.0,0.0,0.0,0.0,0.0,0.0,0.0,0.0,0.0,0.0,0.0,0.0,0.0,0.0,0.0,0.0,0.0,0.0,0.0,0.0,0.0,0.0,0.0,0.0,0.0,0.0,0.0,0.0,0.0,0.0,0.0,0.0,0.0,0.0,0.0,0.0,0.0
1781130331.0056286,0,0.0,False,100.0,3.005089725983414e-13,4.4637478267444054e-17,True,99.97357726097107,True,0.15804685652256012,0.8419530987739563,0.4419081211090088,0.5580918788909912,0.0,0.0,0.0,0.0,0.0,0.0,0.0,0.0,0.0,0.0,0.0,0.0,0.0,0.0,0.0,0.0,0.0,0.0,0.0,0.0,0.0,0.0,0.0,0.0,0.0,0.0,0.0,0.0,0.0,0.0,0.0,0.0,0.0,0.0,0.0,0.0,0.0,0.0,0.0,0.0,0.0,0.0
1781130331.6501648,1,8.695652173913043,True,99.99973773956299,0.00025935255507647526,1.9793082728369882e-07,True,99.99909400939941,True,0.92659991979599,0.07340015470981598,0.9702546000480652,0.029745357111096382,0.0,0.0,0.0,0.0,0.0,0.0,0.0,0.0,0.0,0.0,0.0,0.0,0.0,0.0,0.0,0.0,0.0,0.0,0.0,0.0,0.0,0.0,0.0,0.0,0.0,0.0,0.0,0.0,0.0,0.0,0.0,0.0,0.0,0.0,0.0,0.0,0.0,0.0,0.0,0.0,0.0,0.0
1781130332.3248038,0,0.0,False,0.16234572976827621,99.83757734298706,7.457034598701284e-05,True,90.94451069831848,True,0.35853371024131775,0.6414663195610046,0.10731690376996994,0.8926830887794495,0.12976162135601044,0.8702383637428284,0.0,0.0,0.0,0.0,0.0,0.0,0.0,0.0,0.0,0.0,0.0,0.0,0.0,0.0,0.0,0.0,0.0,0.0,0.0,0.0,0.0,0.0,0.0,0.0,0.0,0.0,0.0,0.0,0.0,0.0,0.0,0.0,0.0,0.0,0.0,0.0,0.0,0.0,0.0,0.0
1781130332.9958043,0,0.0,False,100.0,8.191448956857209e-12,8.302023860487451e-16,True,99.99996423721313,True,0.20097072422504425,0.7990292906761169,0.28063467144966125,0.7193653583526611,0.21318432688713074,0.7868157029151917,0.0,0.0,0.0,0.0,0.0,0.0,0.0,0.0,0.0,0.0,0.0,0.0,0.0,0.0,0.0,0.0,0.0,0.0,0.0,0.0,0.0,0.0,0.0,0.0,0.0,0.0,0.0,0.0,0.0,0.0,0.0,0.0,0.0,0.0,0.0,0.0,0.0,0.0,0.0,0.0
1781130333.6566992,1,4.3478260869565215,True,100.0,6.053405237331109e-13,9.997887011671977e-17,True,99.99533891677856,True,0.9076321125030518,0.09236795455217361,0.2820165455341339,0.7179834842681885,0.0,0.0,0.0,0.0,0.0,0.0,0.0,0.0,0.0,0.0,0.0,0.0,0.0,0.0,0.0,0.0,0.0,0.0,0.0,0.0,0.0,0.0,0.0,0.0,0.0,0.0,0.0,0.0,0.0,0.0,0.0,0.0,0.0,0.0,0.0,0.0,0.0,0.0,0.0,0.0,0.0,0.0
1781130334.8764472,1,0.0,False,2.731904302777366e-06,100.0,2.0027677433143154e-10,True,99.99988079071045,True,0.27270078659057617,0.7272992134094238,0.33564817905426025,0.6643518209457397,0.19268277287483215,0.8073171973228455,0.0,0.0,0.0,0.0,0.0,0.0,0.0,0.0,0.0,0.0,0.0,0.0,0.0,0.0,0.0,0.0,0.0,0.0,0.0,0.0,0.0,0.0,0.0,0.0,0.0,0.0,0.0,0.0,0.0,0.0,0.0,0.0,0.0,0.0,0.0,0.0,0.0,0.0,0.0,0.0
1781130335.5514116,1,4.3478260869565215,True,0.05236152792349458,99.94761347770691,2.5581152840459254e-05,True,99.98581409454346,True,0.4259173572063446,0.574082612991333,1.0,1.867116541143365e-34,0.44010984897613525,0.5598901510238647,0.0,0.0,0.0,0.0,0.0,0.0,0.0,0.0,0.0,0.0,0.0,0.0,0.0,0.0,0.0,0.0,0.0,0.0,0.0,0.0,0.0,0.0,0.0,0.0,0.0,0.0,0.0,0.0,0.0,0.0,0.0,0.0,0.0,0.0,0.0,0.0,0.0,0.0,0.0,0.0
1781130336.20835,1,8.695652173913043,True,7.007499789324356e-05,99.99992847442627,9.313666504695561e-09,True,99.99767541885376,True,0.18723227083683014,0.8127676844596863,1.0,1.2611686178923354e-43,0.9999905824661255,9.427071745449211e-06,0.0,0.0,0.0,0.0,0.0,0.0,0.0,0.0,0.0,0.0,0.0,0.0,0.0,0.0,0.0,0.0,0.0,0.0,0.0,0.0,0.0,0.0,0.0,0.0,0.0,0.0,0.0,0.0,0.0,0.0,0.0,0.0,0.0,0.0,0.0,0.0,0.0,0.0,0.0,0.0
1781130336.8599389,1,8.695652173913043,True,100.0,2.573852597720361e-06,4.245694074089812e-10,True,99.98260140419006,True,0.0,0.0,0.826682448387146,0.1733175814151764,0.9999648332595825,3.517615550663322e-05,0.0,0.0,0.0,0.0,0.0,0.0,0.0,0.0,0.0,0.0,0.0,0.0,0.0,0.0,0.0,0.0,0.0,0.0,0.0,0.0,0.0,0.0,0.0,0.0,0.0,0.0,0.0,0.0,0.0,0.0,0.0,0.0,0.0,0.0,0.0,0.0,0.0,0.0,0.0,0.0
1781130337.5474532,1,13.043478260869565,True,100.0,1.9055572820624728e-11,1.134622222261123e-15,True,100.0,True,0.0,0.0,0.6517778635025024,0.34822216629981995,0.9281659722328186,0.07183407247066498,0.8038238286972046,0.1961761862039566,0.0,0.0,0.0,0.0,0.0,0.0,0.0,0.0,0.0,0.0,0.0,0.0,0.0,0.0,0.0,0.0,0.0,0.0,0.0,0.0,0.0,0.0,0.0,0.0,0.0,0.0,0.0,0.0,0.0,0.0,0.0,0.0,0.0,0.0,0.0,0.0,0.0,0.0
1781130338.2407331,0,0.0,False,100.0,8.521643390935196e-08,4.576170883473663e-13,True,99.95284080505371,True,0.0,0.0,0.0,0.0,0.2792791724205017,0.7207208275794983,0.2955488860607147,0.7044510841369629,0.0,0.0,0.0,0.0,0.0,0.0,0.0,0.0,0.0,0.0,0.0,0.0,0.0,0.0,0.0,0.0,0.0,0.0,0.0,0.0,0.0,0.0,0.0,0.0,0.0,0.0,0.0,0.0,0.0,0.0,0.0,0.0,0.0,0.0,0.0,0.0,0.0,0.0
1781130338.88715,1,0.0,False,0.0330807117279619,9.21838932299579e-05,99.96682405471802,False,99.99548196792603,True,0.0,0.0,0.0,0.0,0.0,0.0,0.2086842656135559,0.7913156747817993,0.0,0.0,0.0,0.0,0.0,0.0,0.0,0.0,0.0,0.0,0.0,0.0,0.0,0.0,0.0,0.0,0.0,0.0,0.0,0.0,0.0,0.0,0.0,0.0,0.0,0.0,0.0,0.0,0.0,0.0,0.0,0.0,0.0,0.0,0.0,0.0,0.0,0.0
1781130339.5320153,0,0.0,False,0.1440940541215241,2.859606240690482e-05,99.85588192939758,False,99.99909400939941,True,0.0,0.0,0.1944846510887146,0.8055153489112854,0.23809272050857544,0.7619072794914246,0.0,0.0,0.0,0.0,0.0,0.0,0.0,0.0,0.0,0.0,0.0,0.0,0.0,0.0,0.0,0.0,0.0,0.0,0.0,0.0,0.0,0.0,0.0,0.0,0.0,0.0,0.0,0.0,0.0,0.0,0.0,0.0,0.0,0.0,0.0,0.0,0.0,0.0,0.0,0.0
1781130340.1925917,1,4.3478260869565215,True,0.024489915813319385,0.0001258213728760893,99.97537732124329,False,99.99979734420776,True,0.0,0.0,0.40856751799583435,0.5914324522018433,0.8032604455947876,0.1967395693063736,0.0,0.0,0.0,0.0,0.0,0.0,0.0,0.0,0.0,0.0,0.0,0.0,0.0,0.0,0.0,0.0,0.0,0.0,0.0,0.0,0.0,0.0,0.0,0.0,0.0,0.0,0.0,0.0,0.0,0.0,0.0,0.0,0.0,0.0,0.0,0.0,0.0,0.0,0.0,0.0
1781130340.8290157,1,0.0,False,0.37893857806921005,0.00012403190794429975,99.62093830108643,False,99.99922513961792,True,0.0,0.0,0.0,0.0,0.278906911611557,0.7210931181907654,0.3667434751987457,0.6332565546035767,0.0,0.0,0.0,0.0,0.0,0.0,0.0,0.0,0.0,0.0,0.0,0.0,0.0,0.0,0.0,0.0,0.0,0.0,0.0,0.0,0.0,0.0,0.0,0.0,0.0,0.0,0.0,0.0,0.0,0.0,0.0,0.0,0.0,0.0,0.0,0.0,0.0,0.0
1781130341.480838,0,4.3478260869565215,True,0.6378642283380032,0.00010881055914069293,99.36203360557556,False,100.0,True,0.0,0.0,0.0,0.0,0.8675932288169861,0.13240671157836914,0.2905479073524475,0.7094520926475525,0.0,0.0,0.0,0.0,0.0,0.0,0.0,0.0,0.0,0.0,0.0,0.0,0.0,0.0,0.0,0.0,0.0,0.0,0.0,0.0,0.0,0.0,0.0,0.0,0.0,0.0,0.0,0.0,0.0,0.0,0.0,0.0,0.0,0.0,0.0,0.0,0.0,0.0
1781130342.1204603,1,0.0,False,0.14902767725288868,2.974558697133034e-05,99.85094666481018,False,87.3445212841034,True,0.0,0.0,0.0,0.0,0.0,0.0,0.22475607693195343,0.7752439975738525,0.0,0.0,0.0,0.0,0.0,0.0,0.0,0.0,0.0,0.0,0.0,0.0,0.0,0.0,0.0,0.0,0.0,0.0,0.0,0.0,0.0,0.0,0.0,0.0,0.0,0.0,0.0,0.0,0.0,0.0,0.0,0.0,0.0,0.0,0.0,0.0,0.0,0.0
1781130342.7433667,0,4.3478260869565215,True,0.08716616430319846,1.6386400147894165e-05,99.91282820701599,False,99.99996423721313,True,0.0,0.0,0.0,0.0,0.0,0.0,0.6326181888580322,0.3673817813396454,0.0,0.0,0.0,0.0,0.0,0.0,0.0,0.0,0.0,0.0,0.0,0.0,0.0,0.0,0.0,0.0,0.0,0.0,0.0,0.0,0.0,0.0,0.0,0.0,0.0,0.0,0.0,0.0,0.0,0.0,0.0,0.0,0.0,0.0,0.0,0.0,0.0,0.0
1781130343.3657277,1,0.0,False,0.7035266142338514,0.00011116507039332646,99.29637312889099,False,100.0,True,0.0,0.0,0.0,0.0,0.0,0.0,0.4394095838069916,0.5605904459953308,0.0,0.0,0.0,0.0,0.0,0.0,0.0,0.0,0.0,0.0,0.0,0.0,0.0,0.0,0.0,0.0,0.0,0.0,0.0,0.0,0.0,0.0,0.0,0.0,0.0,0.0,0.0,0.0,0.0,0.0,0.0,0.0,0.0,0.0,0.0,0.0,0.0,0.0
1781130343.995981,1,4.3478260869565215,True,1.1200747452676296,0.0018002781871473417,98.8781213760376,False,99.99548196792603,True,0.0,0.0,0.0,0.0,0.0,0.0,0.587562620639801,0.4124373495578766,0.0,0.0,0.0,0.0,0.0,0.0,0.0,0.0,0.0,0.0,0.0,0.0,0.0,0.0,0.0,0.0,0.0,0.0,0.0,0.0,0.0,0.0,0.0,0.0,0.0,0.0,0.0,0.0,0.0,0.0,0.0,0.0,0.0,0.0,0.0,0.0,0.0,0.0
1781130344.6361468,0,0.0,False,0.20357954781502485,4.4111675379099324e-05,99.79637861251831,False,99.99997615814209,True,0.0,0.0,0.0,0.0,0.0,0.0,0.16217029094696045,0.8378297090530396,0.0,0.0,0.0,0.0,0.0,0.0,0.0,0.0,0.0,0.0,0.0,0.0,0.0,0.0,0.0,0.0,0.0,0.0,0.0,0.0,0.0,0.0,0.0,0.0,0.0,0.0,0.0,0.0,0.0,0.0,0.0,0.0,0.0,0.0,0.0,0.0,0.0,0.0
1781130345.2887895,0,0.0,False,0.1233066781423986,9.04586897831905e-05,99.87660646438599,False,99.99995231628418,True,0.0,0.0,0.0,0.0,0.0,0.0,0.37926122546195984,0.6207388043403625,0.20736293494701385,0.792637050151825,0.0,0.0,0.0,0.0,0.0,0.0,0.0,0.0,0.0,0.0,0.0,0.0,0.0,0.0,0.0,0.0,0.0,0.0,0.0,0.0,0.0,0.0,0.0,0.0,0.0,0.0,0.0,0.0,0.0,0.0,0.0,0.0,0.0,0.0,0.0,0.0
1781130345.9376688,0,0.0,False,0.6378642283380032,0.00010881055914069293,99.36203360557556,False,99.99885559082031,True,0.0,0.0,0.0,0.0,0.0,0.0,0.306261271238327,0.6937386989593506,0.1387343406677246,0.8612656593322754,0.0,0.0,0.0,0.0,0.0,0.0,0.0,0.0,0.0,0.0,0.0,0.0,0.0,0.0,0.0,0.0,0.0,0.0,0.0,0.0,0.0,0.0,0.0,0.0,0.0,0.0,0.0,0.0,0.0,0.0,0.0,0.0,0.0,0.0,0.0,0.0
1781130346.5675082,1,4.3478260869565215,True,100.0,1.2499411228272805e-10,5.286905429844669e-14,True,99.98260140419006,True,0.0,0.0,0.0,0.0,0.0,0.0,0.9990615248680115,0.0009384987060911953,0.4950568675994873,0.5049431324005127,0.0,0.0,0.0,0.0,0.0,0.0,0.0,0.0,0.0,0.0,0.0,0.0,0.0,0.0,0.0,0.0,0.0,0.0,0.0,0.0,0.0,0.0,0.0,0.0,0.0,0.0,0.0,0.0,0.0,0.0,0.0,0.0,0.0,0.0,0.0,0.0
1781130347.2330441,0,0.0,False,2.310871138888615e-05,99.99997615814209,1.213612630529548e-09,True,99.9992847442627,True,0.0,0.0,0.0,0.0,0.0,0.0,0.18770265579223633,0.8122974038124084,0.15010815858840942,0.8498919010162354,0.0,0.0,0.0,0.0,0.0,0.0,0.0,0.0,0.0,0.0,0.0,0.0,0.0,0.0,0.0,0.0,0.0,0.0,0.0,0.0,0.0,0.0,0.0,0.0,0.0,0.0,0.0,0.0,0.0,0.0,0.0,0.0,0.0,0.0,0.0,0.0
1781130347.8769784,1,0.0,False,0.1831535599194467,0.00013964481695438735,99.81670379638672,False,99.94329810142517,True,0.0,0.0,0.0,0.0,0.0,0.0,0.3612196445465088,0.6387803554534912,0.0,0.0,0.0,0.0,0.0,0.0,0.0,0.0,0.0,0.0,0.0,0.0,0.0,0.0,0.0,0.0,0.0,0.0,0.0,0.0,0.0,0.0,0.0,0.0,0.0,0.0,0.0,0.0,0.0,0.0,0.0,0.0,0.0,0.0,0.0,0.0,0.0,0.0
1781130348.5580747,1,0.0,False,0.19535045139491558,4.6143384224706097e-05,99.80460405349731,False,0.006653113086940721,False,0.0,0.0,0.0,0.0,0.0,0.0,0.0,0.0,0.0,0.0,0.0,0.0,0.0,0.0,0.0,0.0,0.0,0.0,0.0,0.0,0.0,0.0,0.0,0.0,0.0,0.0,0.0,0.0,0.0,0.0,0.0,0.0,0.0,0.0,0.0,0.0,0.0,0.0,0.0,0.0,0.0,0.0,0.0,0.0,0.0,0.0
1781130349.1785867,1,0.0,False,0.21893628872931004,3.188441439760936e-05,99.78103041648865,False,0.000743490954846493,False,0.0,0.0,0.0,0.0,0.0,0.0,0.0,0.0,0.0,0.0,0.0,0.0,0.0,0.0,0.0,0.0,0.0,0.0,0.0,0.0,0.0,0.0,0.0,0.0,0.0,0.0,0.0,0.0,0.0,0.0,0.0,0.0,0.0,0.0,0.0,0.0,0.0,0.0,0.0,0.0,0.0,0.0,0.0,0.0,0.0,0.0
1781130349.8037672,1,0.0,False,0.21632544230669737,0.00028089352781535126,99.78339076042175,False,0.006882329034851864,False,0.0,0.0,0.0,0.0,0.0,0.0,0.0,0.0,0.0,0.0,0.0,0.0,0.0,0.0,0.0,0.0,0.0,0.0,0.0,0.0,0.0,0.0,0.0,0.0,0.0,0.0,0.0,0.0,0.0,0.0,0.0,0.0,0.0,0.0,0.0,0.0,0.0,0.0,0.0,0.0,0.0,0.0,0.0,0.0,0.0,0.0
1781130350.462834,0,0.0,False,0.09198801126331091,0.0004294375230529113,99.90757703781128,False,99.99995231628418,True,0.0,0.0,0.0,0.0,0.0,0.0,0.4679376482963562,0.5320623517036438,0.0,0.0,0.0,0.0,0.0,0.0,0.0,0.0,0.0,0.0,0.0,0.0,0.0,0.0,0.0,0.0,0.0,0.0,0.0,0.0,0.0,0.0,0.0,0.0,0.0,0.0,0.0,0.0,0.0,0.0,0.0,0.0,0.0,0.0,0.0,0.0,0.0,0.0
1781130351.6600914,1,0.0,False,0.6378642283380032,0.00010881055914069293,99.36203360557556,False,99.99909400939941,True,0.0,0.0,0.0,0.0,0.0,0.0,0.4751656949520111,0.5248343348503113,0.0,0.0,0.0,0.0,0.0,0.0,0.0,0.0,0.0,0.0,0.0,0.0,0.0,0.0,0.0,0.0,0.0,0.0,0.0,0.0,0.0,0.0,0.0,0.0,0.0,0.0,0.0,0.0,0.0,0.0,0.0,0.0,0.0,0.0,0.0,0.0,0.0,0.0
1781130352.3270292,0,0.0,False,0.14156820252537727,0.0005192398475628579,99.85791444778442,False,99.95284080505371,True,0.0,0.0,0.0,0.0,0.0,0.0,0.4325152337551117,0.5674847364425659,0.3376559615135193,0.6623439788818359,0.0,0.0,0.0,0.0,0.0,0.0,0.0,0.0,0.0,0.0,0.0,0.0,0.0,0.0,0.0,0.0,0.0,0.0,0.0,0.0,0.0,0.0,0.0,0.0,0.0,0.0,0.0,0.0,0.0,0.0,0.0,0.0,0.0,0.0,0.0,0.0
1781130352.9932556,1,4.3478260869565215,True,100.0,1.1517793663262665e-09,2.4787146957910323e-12,True,99.55381155014038,True,0.0,0.0,0.0,0.0,0.0,0.0,0.5726041197776794,0.42739591002464294,0.33638647198677063,0.6636135578155518,0.0,0.0,0.0,0.0,0.0,0.0,0.0,0.0,0.0,0.0,0.0,0.0,0.0,0.0,0.0,0.0,0.0,0.0,0.0,0.0,0.0,0.0,0.0,0.0,0.0,0.0,0.0,0.0,0.0,0.0,0.0,0.0,0.0,0.0,0.0,0.0
1781130353.6444495,1,4.3478260869565215,True,3.4419166183852212e-06,100.0,2.3725370626448417e-10,True,99.9987006187439,True,0.0,0.0,0.0,0.0,0.0,0.0,0.9471667408943176,0.052833277732133865,0.28144365549087524,0.7185563445091248,0.0,0.0,0.0,0.0,0.0,0.0,0.0,0.0,0.0,0.0,0.0,0.0,0.0,0.0,0.0,0.0,0.0,0.0,0.0,0.0,0.0,0.0,0.0,0.0,0.0,0.0,0.0,0.0,0.0,0.0,0.0,0.0,0.0,0.0,0.0,0.0
1781130354.2951846,1,0.0,False,0.9693236090242863,0.00013667879557033302,99.03053045272827,False,99.99533891677856,True,0.0,0.0,0.0,0.0,0.0,0.0,0.17223185300827026,0.8277681469917297,0.0,0.0,0.0,0.0,0.0,0.0,0.0,0.0,0.0,0.0,0.0,0.0,0.0,0.0,0.0,0.0,0.0,0.0,0.0,0.0,0.0,0.0,0.0,0.0,0.0,0.0,0.0,0.0,0.0,0.0,0.0,0.0,0.0,0.0,0.0,0.0,0.0,0.0
1781130354.95181,0,0.0,False,0.06095001008361578,9.422811331205594e-05,99.93895292282104,False,99.98581409454346,True,0.0,0.0,0.0,0.0,0.0,0.0,0.4579582214355469,0.5420417785644531,0.0,0.0,0.0,0.0,0.0,0.0,0.0,0.0,0.0,0.0,0.0,0.0,0.0,0.0,0.0,0.0,0.0,0.0,0.0,0.0,0.0,0.0,0.0,0.0,0.0,0.0,0.0,0.0,0.0,0.0,0.0,0.0,0.0,0.0,0.0,0.0,0.0,0.0
