timestamp,nearest_sensor,nearest_sensor_dist,rf_confidence,rf_is_threat,audio_mambo,audio_bebop,audio_background,audio_is_threat,visual_confidence,visual_is_threat,label,sensor_0_threat_conf,sensor_0_friendly_conf,sensor_1_threat_conf,sensor_1_friendly_conf,sensor_2_threat_conf,sensor_2_friendly_conf,sensor_3_threat_conf,sensor_3_friendly_conf,sensor_4_threat_conf,sensor_4_friendly_conf,sensor_5_threat_conf,sensor_5_friendly_conf,sensor_6_threat_conf,sensor_6_friendly_conf,sensor_7_threat_conf,sensor_7_friendly_conf,sensor_8_threat_conf,sensor_8_friendly_conf,sensor_9_threat_conf,sensor_9_friendly_conf,sensor_10_threat_conf,sensor_10_friendly_conf,sensor_11_threat_conf,sensor_11_friendly_conf,sensor_12_threat_conf,sensor_12_friendly_conf,sensor_13_threat_conf,sensor_13_friendly_conf,sensor_14_threat_conf,sensor_14_friendly_conf,sensor_15_threat_conf,sensor_15_friendly_conf,sensor_16_threat_conf,sensor_16_friendly_conf,sensor_17_threat_conf,sensor_17_friendly_conf,sensor_18_threat_conf,sensor_18_friendly_conf,sensor_19_threat_conf,sensor_19_friendly_conf,sensor_20_threat_conf,sensor_20_friendly_conf,sensor_21_threat_conf,sensor_21_friendly_conf,sensor_22_threat_conf,sensor_22_friendly_conf
1780929556.5525858,13,59.53990258641679,8.695652173913043,True,1.401298464324817e-42,0.0,100.0,False,99.94329810142517,True,1,0.0,0.0,0.0,0.0,0.0,0.0,0.0,0.0,0.0,0.0,0.0,0.0,0.0,0.0,0.0,0.0,0.0,0.0,0.0,0.0,0.0,0.0,0.0,0.0,0.0,0.0,0.5479544997215271,0.4520455002784729,0.6914405822753906,0.308559387922287,0.0,0.0,0.0,0.0,0.0,0.0,0.0,0.0,0.0,0.0,0.0,0.0,0.0,0.0,0.0,0.0
1780929622.3654184,14,30.364452901377952,4.3478260869565215,True,5.605193857299268e-43,0.0,100.0,False,99.99885559082031,True,1,0.0,0.0,0.0,0.0,0.0,0.0,0.0,0.0,0.0,0.0,0.0,0.0,0.0,0.0,0.0,0.0,0.0,0.0,0.0,0.0,0.0,0.0,0.0,0.0,0.0,0.0,0.2849632203578949,0.7150368094444275,0.9635010361671448,0.036498963832855225,0.0,0.0,0.0,0.0,0.0,0.0,0.0,0.0,0.0,0.0,0.0,0.0,0.0,0.0,0.0,0.0
1780929622.3654184,14,30.364452901377952,4.3478260869565215,True,5.605193857299268e-43,0.0,100.0,False,99.99885559082031,True,1,0.0,0.0,0.0,0.0,0.0,0.0,0.0,0.0,0.0,0.0,0.0,0.0,0.0,0.0,0.0,0.0,0.0,0.0,0.0,0.0,0.0,0.0,0.0,0.0,0.0,0.0,0.2849632203578949,0.7150368094444275,0.9635010361671448,0.036498963832855225,0.0,0.0,0.0,0.0,0.0,0.0,0.0,0.0,0.0,0.0,0.0,0.0,0.0,0.0,0.0,0.0
1780929623.5329888,14,10.295630140987,8.695652173913043,True,1.8216880036222622e-42,0.0,100.0,False,99.84689354896545,True,1,0.0,0.0,0.0,0.0,0.0,0.0,0.0,0.0,0.0,0.0,0.0,0.0,0.0,0.0,0.0,0.0,0.0,0.0,0.0,0.0,0.0,0.0,0.0,0.0,0.0,0.0,0.9957714676856995,0.004228530451655388,0.9999984502792358,1.5211508070933633e-06,0.2111825942993164,0.7888174057006836,0.0,0.0,0.0,0.0,0.0,0.0,0.0,0.0,0.0,0.0,0.0,0.0,0.0,0.0
1780929623.5329888,14,10.295630140987,8.695652173913043,True,1.8216880036222622e-42,0.0,100.0,False,99.84689354896545,True,1,0.0,0.0,0.0,0.0,0.0,0.0,0.0,0.0,0.0,0.0,0.0,0.0,0.0,0.0,0.0,0.0,0.0,0.0,0.0,0.0,0.0,0.0,0.0,0.0,0.0,0.0,0.9957714676856995,0.004228530451655388,0.9999984502792358,1.5211508070933633e-06,0.2111825942993164,0.7888174057006836,0.0,0.0,0.0,0.0,0.0,0.0,0.0,0.0,0.0,0.0,0.0,0.0,0.0,0.0
1780929624.1517298,14,18.439088914585774,8.695652173913043,True,1.401298464324817e-43,0.0,100.0,False,99.99998807907104,True,1,0.0,0.0,0.0,0.0,0.0,0.0,0.0,0.0,0.0,0.0,0.0,0.0,0.0,0.0,0.0,0.0,0.0,0.0,0.0,0.0,0.0,0.0,0.0,0.0,0.0,0.0,0.1052851602435112,0.8947148323059082,0.9999420642852783,5.7965826272265986e-05,0.8235809206962585,0.17641913890838623,0.0,0.0,0.0,0.0,0.0,0.0,0.0,0.0,0.0,0.0,0.0,0.0,0.0,0.0
1780929624.1517298,14,18.439088914585774,8.695652173913043,True,1.401298464324817e-43,0.0,100.0,False,99.99998807907104,True,1,0.0,0.0,0.0,0.0,0.0,0.0,0.0,0.0,0.0,0.0,0.0,0.0,0.0,0.0,0.0,0.0,0.0,0.0,0.0,0.0,0.0,0.0,0.0,0.0,0.0,0.0,0.1052851602435112,0.8947148323059082,0.9999420642852783,5.7965826272265986e-05,0.8235809206962585,0.17641913890838623,0.0,0.0,0.0,0.0,0.0,0.0,0.0,0.0,0.0,0.0,0.0,0.0,0.0,0.0
1780929624.7768216,15,49.09175083453431,13.043478260869565,True,0.0,0.0,100.0,False,99.99983310699463,True,1,0.0,0.0,0.0,0.0,0.0,0.0,0.0,0.0,0.0,0.0,0.0,0.0,0.0,0.0,0.0,0.0,0.0,0.0,0.0,0.0,0.0,0.0,0.0,0.0,0.0,0.0,0.7533060908317566,0.2466939240694046,0.9902747869491577,0.009725173003971577,0.7568617463111877,0.24313828349113464,0.0,0.0,0.0,0.0,0.0,0.0,0.0,0.0,0.0,0.0,0.0,0.0,0.0,0.0
1780929624.7768216,15,49.09175083453431,13.043478260869565,True,0.0,0.0,100.0,False,99.99983310699463,True,1,0.0,0.0,0.0,0.0,0.0,0.0,0.0,0.0,0.0,0.0,0.0,0.0,0.0,0.0,0.0,0.0,0.0,0.0,0.0,0.0,0.0,0.0,0.0,0.0,0.0,0.0,0.7533060908317566,0.2466939240694046,0.9902747869491577,0.009725173003971577,0.7568617463111877,0.24313828349113464,0.0,0.0,0.0,0.0,0.0,0.0,0.0,0.0,0.0,0.0,0.0,0.0,0.0,0.0
1780929625.3783915,14,32.202484376209235,0.0,False,1.401298464324817e-43,0.0,100.0,False,99.99998807907104,True,1,0.0,0.0,0.0,0.0,0.0,0.0,0.0,0.0,0.0,0.0,0.0,0.0,0.0,0.0,0.0,0.0,0.0,0.0,0.0,0.0,0.0,0.0,0.0,0.0,0.0,0.0,0.0,0.0,0.03904525935649872,0.9609547257423401,0.018732499331235886,0.9812675714492798,0.0,0.0,0.0,0.0,0.0,0.0,0.0,0.0,0.0,0.0,0.0,0.0,0.0,0.0
1780929625.3783915,14,32.202484376209235,0.0,False,1.401298464324817e-43,0.0,100.0,False,99.99998807907104,True,1,0.0,0.0,0.0,0.0,0.0,0.0,0.0,0.0,0.0,0.0,0.0,0.0,0.0,0.0,0.0,0.0,0.0,0.0,0.0,0.0,0.0,0.0,0.0,0.0,0.0,0.0,0.0,0.0,0.03904525935649872,0.9609547257423401,0.018732499331235886,0.9812675714492798,0.0,0.0,0.0,0.0,0.0,0.0,0.0,0.0,0.0,0.0,0.0,0.0,0.0,0.0
1780929625.9980044,14,7.211102550927978,4.3478260869565215,True,1.8216880036222622e-42,0.0,100.0,False,99.99927282333374,True,1,0.0,0.0,0.0,0.0,0.0,0.0,0.0,0.0,0.0,0.0,0.0,0.0,0.0,0.0,0.0,0.0,0.0,0.0,0.0,0.0,0.0,0.0,0.0,0.0,0.0,0.0,0.08078396320343018,0.919215977191925,1.0,5.898701971318587e-08,0.2871546447277069,0.7128453254699707,0.0,0.0,0.0,0.0,0.0,0.0,0.0,0.0,0.0,0.0,0.0,0.0,0.0,0.0
1780929625.9980044,14,7.211102550927978,4.3478260869565215,True,1.8216880036222622e-42,0.0,100.0,False,99.99927282333374,True,1,0.0,0.0,0.0,0.0,0.0,0.0,0.0,0.0,0.0,0.0,0.0,0.0,0.0,0.0,0.0,0.0,0.0,0.0,0.0,0.0,0.0,0.0,0.0,0.0,0.0,0.0,0.08078396320343018,0.919215977191925,1.0,5.898701971318587e-08,0.2871546447277069,0.7128453254699707,0.0,0.0,0.0,0.0,0.0,0.0,0.0,0.0,0.0,0.0,0.0,0.0,0.0,0.0
1780929626.5907586,15,21.587033144922902,13.043478260869565,True,0.0,0.0,100.0,False,99.99836683273315,True,1,0.0,0.0,0.0,0.0,0.0,0.0,0.0,0.0,0.0,0.0,0.0,0.0,0.0,0.0,0.0,0.0,0.0,0.0,0.0,0.0,0.0,0.0,0.0,0.0,0.0,0.0,0.6219331622123718,0.37806689739227295,0.9999998807907104,1.1493938245621393e-07,0.9950180053710938,0.004981967620551586,0.0,0.0,0.0,0.0,0.0,0.0,0.0,0.0,0.0,0.0,0.0,0.0,0.0,0.0
1780929626.5907586,15,21.587033144922902,13.043478260869565,True,0.0,0.0,100.0,False,99.99836683273315,True,1,0.0,0.0,0.0,0.0,0.0,0.0,0.0,0.0,0.0,0.0,0.0,0.0,0.0,0.0,0.0,0.0,0.0,0.0,0.0,0.0,0.0,0.0,0.0,0.0,0.0,0.0,0.6219331622123718,0.37806689739227295,0.9999998807907104,1.1493938245621393e-07,0.9950180053710938,0.004981967620551586,0.0,0.0,0.0,0.0,0.0,0.0,0.0,0.0,0.0,0.0,0.0,0.0,0.0,0.0
1780929627.2152483,15,38.05259518088089,8.695652173913043,True,9.80908925027372e-43,0.0,100.0,False,99.94329810142517,True,1,0.0,0.0,0.0,0.0,0.0,0.0,0.0,0.0,0.0,0.0,0.0,0.0,0.0,0.0,0.0,0.0,0.0,0.0,0.0,0.0,0.0,0.0,0.0,0.0,0.0,0.0,0.0,0.0,0.9399287104606628,0.06007133424282074,0.9879065752029419,0.01209339965134859,0.0,0.0,0.0,0.0,0.0,0.0,0.0,0.0,0.0,0.0,0.0,0.0,0.0,0.0
1780929627.2152483,15,38.05259518088089,8.695652173913043,True,9.80908925027372e-43,0.0,100.0,False,99.94329810142517,True,1,0.0,0.0,0.0,0.0,0.0,0.0,0.0,0.0,0.0,0.0,0.0,0.0,0.0,0.0,0.0,0.0,0.0,0.0,0.0,0.0,0.0,0.0,0.0,0.0,0.0,0.0,0.0,0.0,0.9399287104606628,0.06007133424282074,0.9879065752029419,0.01209339965134859,0.0,0.0,0.0,0.0,0.0,0.0,0.0,0.0,0.0,0.0,0.0,0.0,0.0,0.0
1780929627.841951,15,45.69463863518345,8.695652173913043,True,1.401298464324817e-43,0.0,100.0,False,99.97357726097107,True,1,0.0,0.0,0.0,0.0,0.0,0.0,0.0,0.0,0.0,0.0,0.0,0.0,0.0,0.0,0.0,0.0,0.0,0.0,0.0,0.0,0.0,0.0,0.0,0.0,0.0,0.0,0.0,0.0,0.8769502639770508,0.12304972857236862,0.5477434992790222,0.4522565007209778,0.3491183817386627,0.6508816480636597,0.0,0.0,0.0,0.0,0.0,0.0,0.0,0.0,0.0,0.0,0.0,0.0
1780929627.841951,15,45.69463863518345,8.695652173913043,True,1.401298464324817e-43,0.0,100.0,False,99.97357726097107,True,1,0.0,0.0,0.0,0.0,0.0,0.0,0.0,0.0,0.0,0.0,0.0,0.0,0.0,0.0,0.0,0.0,0.0,0.0,0.0,0.0,0.0,0.0,0.0,0.0,0.0,0.0,0.0,0.0,0.8769502639770508,0.12304972857236862,0.5477434992790222,0.4522565007209778,0.3491183817386627,0.6508816480636597,0.0,0.0,0.0,0.0,0.0,0.0,0.0,0.0,0.0,0.0,0.0,0.0
1780929628.4455476,15,36.235341863986875,4.3478260869565215,True,0.0,0.0,100.0,False,99.9987006187439,True,1,0.0,0.0,0.0,0.0,0.0,0.0,0.0,0.0,0.0,0.0,0.0,0.0,0.0,0.0,0.0,0.0,0.0,0.0,0.0,0.0,0.0,0.0,0.0,0.0,0.0,0.0,0.0,0.0,0.0,0.0,0.9317272901535034,0.06827273219823837,0.3517884314060211,0.6482115387916565,0.0,0.0,0.0,0.0,0.0,0.0,0.0,0.0,0.0,0.0,0.0,0.0
1780929628.4455476,15,36.235341863986875,4.3478260869565215,True,0.0,0.0,100.0,False,99.9987006187439,True,1,0.0,0.0,0.0,0.0,0.0,0.0,0.0,0.0,0.0,0.0,0.0,0.0,0.0,0.0,0.0,0.0,0.0,0.0,0.0,0.0,0.0,0.0,0.0,0.0,0.0,0.0,0.0,0.0,0.0,0.0,0.9317272901535034,0.06827273219823837,0.3517884314060211,0.6482115387916565,0.0,0.0,0.0,0.0,0.0,0.0,0.0,0.0,0.0,0.0,0.0,0.0
1780929629.4419782,15,52.46903848937962,0.0,False,0.0,0.0,100.0,False,99.99909400939941,True,1,0.0,0.0,0.0,0.0,0.0,0.0,0.0,0.0,0.0,0.0,0.0,0.0,0.0,0.0,0.0,0.0,0.0,0.0,0.0,0.0,0.0,0.0,0.0,0.0,0.0,0.0,0.0,0.0,0.11761322617530823,0.8823867440223694,0.10281597077846527,0.8971840143203735,0.02296479418873787,0.9770351648330688,0.0,0.0,0.0,0.0,0.0,0.0,0.0,0.0,0.0,0.0,0.0,0.0
1780929629.4419782,15,52.46903848937962,0.0,False,0.0,0.0,100.0,False,99.99909400939941,True,1,0.0,0.0,0.0,0.0,0.0,0.0,0.0,0.0,0.0,0.0,0.0,0.0,0.0,0.0,0.0,0.0,0.0,0.0,0.0,0.0,0.0,0.0,0.0,0.0,0.0,0.0,0.0,0.0,0.11761322617530823,0.8823867440223694,0.10281597077846527,0.8971840143203735,0.02296479418873787,0.9770351648330688,0.0,0.0,0.0,0.0,0.0,0.0,0.0,0.0,0.0,0.0,0.0,0.0
1780929630.421494,14,27.202941017470888,8.695652173913043,True,0.0,0.0,100.0,False,99.99979734420776,True,1,0.0,0.0,0.0,0.0,0.0,0.0,0.0,0.0,0.0,0.0,0.0,0.0,0.0,0.0,0.0,0.0,0.0,0.0,0.0,0.0,0.0,0.0,0.0,0.0,0.0,0.0,0.0,0.0,0.8206976652145386,0.17930233478546143,0.9140045046806335,0.08599553257226944,0.0,0.0,0.0,0.0,0.0,0.0,0.0,0.0,0.0,0.0,0.0,0.0,0.0,0.0
1780929630.421494,14,27.202941017470888,8.695652173913043,True,0.0,0.0,100.0,False,99.99979734420776,True,1,0.0,0.0,0.0,0.0,0.0,0.0,0.0,0.0,0.0,0.0,0.0,0.0,0.0,0.0,0.0,0.0,0.0,0.0,0.0,0.0,0.0,0.0,0.0,0.0,0.0,0.0,0.0,0.0,0.8206976652145386,0.17930233478546143,0.9140045046806335,0.08599553257226944,0.0,0.0,0.0,0.0,0.0,0.0,0.0,0.0,0.0,0.0,0.0,0.0,0.0,0.0
1780929631.2825656,14,30.23243291566195,8.695652173913043,True,7.006492321624085e-43,0.0,100.0,False,99.99368190765381,True,1,0.0,0.0,0.0,0.0,0.0,0.0,0.0,0.0,0.0,0.0,0.0,0.0,0.0,0.0,0.0,0.0,0.0,0.0,0.0,0.0,0.0,0.0,0.0,0.0,0.0,0.0,0.0,0.0,0.9639865159988403,0.03601346164941788,0.6902565956115723,0.3097434341907501,0.0,0.0,0.0,0.0,0.0,0.0,0.0,0.0,0.0,0.0,0.0,0.0,0.0,0.0
1780929631.2825656,14,30.23243291566195,8.695652173913043,True,7.006492321624085e-43,0.0,100.0,False,99.99368190765381,True,1,0.0,0.0,0.0,0.0,0.0,0.0,0.0,0.0,0.0,0.0,0.0,0.0,0.0,0.0,0.0,0.0,0.0,0.0,0.0,0.0,0.0,0.0,0.0,0.0,0.0,0.0,0.0,0.0,0.9639865159988403,0.03601346164941788,0.6902565956115723,0.3097434341907501,0.0,0.0,0.0,0.0,0.0,0.0,0.0,0.0,0.0,0.0,0.0,0.0,0.0,0.0
1780929632.143358,14,24.596747752497688,13.043478260869565,True,0.0,0.0,100.0,False,99.99983310699463,True,1,0.0,0.0,0.0,0.0,0.0,0.0,0.0,0.0,0.0,0.0,0.0,0.0,0.0,0.0,0.0,0.0,0.0,0.0,0.0,0.0,0.0,0.0,0.0,0.0,0.0,0.0,0.6088117957115173,0.39118826389312744,0.9999997615814209,2.054980541288387e-07,0.8325119018554688,0.16748814284801483,0.0,0.0,0.0,0.0,0.0,0.0,0.0,0.0,0.0,0.0,0.0,0.0,0.0,0.0
1780929632.143358,14,24.596747752497688,13.043478260869565,True,0.0,0.0,100.0,False,99.99983310699463,True,1,0.0,0.0,0.0,0.0,0.0,0.0,0.0,0.0,0.0,0.0,0.0,0.0,0.0,0.0,0.0,0.0,0.0,0.0,0.0,0.0,0.0,0.0,0.0,0.0,0.0,0.0,0.6088117957115173,0.39118826389312744,0.9999997615814209,2.054980541288387e-07,0.8325119018554688,0.16748814284801483,0.0,0.0,0.0,0.0,0.0,0.0,0.0,0.0,0.0,0.0,0.0,0.0,0.0,0.0
1780929632.9832096,14,36.22154055254967,0.0,False,1.401298464324817e-43,0.0,100.0,False,99.99990463256836,True,1,0.0,0.0,0.0,0.0,0.0,0.0,0.0,0.0,0.0,0.0,0.0,0.0,0.0,0.0,0.0,0.0,0.0,0.0,0.0,0.0,0.0,0.0,0.0,0.0,0.0,0.0,0.20368939638137817,0.7963106036186218,0.3358408808708191,0.6641591191291809,0.0884389653801918,0.9115610718727112,0.0,0.0,0.0,0.0,0.0,0.0,0.0,0.0,0.0,0.0,0.0,0.0,0.0,0.0
1780929632.9832096,14,36.22154055254967,0.0,False,1.401298464324817e-43,0.0,100.0,False,99.99990463256836,True,1,0.0,0.0,0.0,0.0,0.0,0.0,0.0,0.0,0.0,0.0,0.0,0.0,0.0,0.0,0.0,0.0,0.0,0.0,0.0,0.0,0.0,0.0,0.0,0.0,0.0,0.0,0.20368939638137817,0.7963106036186218,0.3358408808708191,0.6641591191291809,0.0884389653801918,0.9115610718727112,0.0,0.0,0.0,0.0,0.0,0.0,0.0,0.0,0.0,0.0,0.0,0.0,0.0,0.0
1780929633.7833734,13,61.71709649683789,4.3478260869565215,True,5.605193857299268e-43,0.0,100.0,False,99.99998807907104,True,1,0.0,0.0,0.0,0.0,0.0,0.0,0.0,0.0,0.0,0.0,0.0,0.0,0.0,0.0,0.0,0.0,0.0,0.0,0.0,0.0,0.0,0.0,0.0,0.0,0.0,0.0,0.5012610554695129,0.4987389147281647,0.25919681787490845,0.7408031821250916,0.14204053580760956,0.857959508895874,0.0,0.0,0.0,0.0,0.0,0.0,0.0,0.0,0.0,0.0,0.0,0.0,0.0,0.0
1780929633.7833734,13,61.71709649683789,4.3478260869565215,True,5.605193857299268e-43,0.0,100.0,False,99.99998807907104,True,1,0.0,0.0,0.0,0.0,0.0,0.0,0.0,0.0,0.0,0.0,0.0,0.0,0.0,0.0,0.0,0.0,0.0,0.0,0.0,0.0,0.0,0.0,0.0,0.0,0.0,0.0,0.5012610554695129,0.4987389147281647,0.25919681787490845,0.7408031821250916,0.14204053580760956,0.857959508895874,0.0,0.0,0.0,0.0,0.0,0.0,0.0,0.0,0.0,0.0,0.0,0.0,0.0,0.0
1780929634.4223883,14,79.90619500389191,4.3478260869565215,True,7.006492321624085e-43,0.0,100.0,False,0.00011004328825947596,False,1,0.0,0.0,0.0,0.0,0.0,0.0,0.0,0.0,0.0,0.0,0.0,0.0,0.0,0.0,0.0,0.0,0.0,0.0,0.0,0.0,0.0,0.0,0.0,0.0,0.0,0.0,0.6744576692581177,0.3255423605442047,0.15090923011302948,0.8490908145904541,0.0,0.0,0.0,0.0,0.0,0.0,0.0,0.0,0.0,0.0,0.0,0.0,0.0,0.0,0.0,0.0
1780929634.4223883,14,79.90619500389191,4.3478260869565215,True,7.006492321624085e-43,0.0,100.0,False,0.00011004328825947596,False,1,0.0,0.0,0.0,0.0,0.0,0.0,0.0,0.0,0.0,0.0,0.0,0.0,0.0,0.0,0.0,0.0,0.0,0.0,0.0,0.0,0.0,0.0,0.0,0.0,0.0,0.0,0.6744576692581177,0.3255423605442047,0.15090923011302948,0.8490908145904541,0.0,0.0,0.0,0.0,0.0,0.0,0.0,0.0,0.0,0.0,0.0,0.0,0.0,0.0,0.0,0.0
1780929635.0480428,14,58.82176467941097,0.0,False,1.401298464324817e-43,0.0,100.0,False,0.0002335533281438984,False,0,0.0,0.0,0.0,0.0,0.0,0.0,0.0,0.0,0.0,0.0,0.0,0.0,0.0,0.0,0.0,0.0,0.0,0.0,0.0,0.0,0.0,0.0,0.0,0.0,0.0,0.0,0.0,0.0,0.3718777000904083,0.6281223297119141,0.4613799750804901,0.5386199951171875,0.0,0.0,0.0,0.0,0.0,0.0,0.0,0.0,0.0,0.0,0.0,0.0,0.0,0.0
1780929635.0480428,14,58.82176467941097,0.0,False,1.401298464324817e-43,0.0,100.0,False,0.0002335533281438984,False,0,0.0,0.0,0.0,0.0,0.0,0.0,0.0,0.0,0.0,0.0,0.0,0.0,0.0,0.0,0.0,0.0,0.0,0.0,0.0,0.0,0.0,0.0,0.0,0.0,0.0,0.0,0.0,0.0,0.3718777000904083,0.6281223297119141,0.4613799750804901,0.5386199951171875,0.0,0.0,0.0,0.0,0.0,0.0,0.0,0.0,0.0,0.0,0.0,0.0,0.0,0.0
1780929635.7110689,14,71.56814934033156,0.0,False,1.8216880036222622e-42,0.0,100.0,False,0.0002335533281438984,False,0,0.0,0.0,0.0,0.0,0.0,0.0,0.0,0.0,0.0,0.0,0.0,0.0,0.0,0.0,0.0,0.0,0.0,0.0,0.0,0.0,0.0,0.0,0.0,0.0,0.0,0.0,0.0,0.0,0.01830451190471649,0.9816955327987671,0.07989153265953064,0.9201084971427917,0.0,0.0,0.0,0.0,0.0,0.0,0.0,0.0,0.0,0.0,0.0,0.0,0.0,0.0
1780929635.7110689,14,71.56814934033156,0.0,False,1.8216880036222622e-42,0.0,100.0,False,0.0002335533281438984,False,0,0.0,0.0,0.0,0.0,0.0,0.0,0.0,0.0,0.0,0.0,0.0,0.0,0.0,0.0,0.0,0.0,0.0,0.0,0.0,0.0,0.0,0.0,0.0,0.0,0.0,0.0,0.0,0.0,0.01830451190471649,0.9816955327987671,0.07989153265953064,0.9201084971427917,0.0,0.0,0.0,0.0,0.0,0.0,0.0,0.0,0.0,0.0,0.0,0.0,0.0,0.0
1780929636.3501196,14,106.56922632730333,4.3478260869565215,True,1.6815581571897805e-42,0.0,100.0,False,2.9335512863326585e-05,False,1,0.0,0.0,0.0,0.0,0.0,0.0,0.0,0.0,0.0,0.0,0.0,0.0,0.0,0.0,0.0,0.0,0.0,0.0,0.0,0.0,0.0,0.0,0.0,0.0,0.0,0.0,0.0,0.0,0.6124375462532043,0.38756245374679565,0.0,0.0,0.0,0.0,0.0,0.0,0.0,0.0,0.0,0.0,0.0,0.0,0.0,0.0,0.0,0.0
1780929636.3501196,14,106.56922632730333,4.3478260869565215,True,1.6815581571897805e-42,0.0,100.0,False,2.9335512863326585e-05,False,1,0.0,0.0,0.0,0.0,0.0,0.0,0.0,0.0,0.0,0.0,0.0,0.0,0.0,0.0,0.0,0.0,0.0,0.0,0.0,0.0,0.0,0.0,0.0,0.0,0.0,0.0,0.0,0.0,0.6124375462532043,0.38756245374679565,0.0,0.0,0.0,0.0,0.0,0.0,0.0,0.0,0.0,0.0,0.0,0.0,0.0,0.0,0.0,0.0
1780929636.951791,14,89.1403387922662,0.0,False,1.6815581571897805e-42,0.0,100.0,False,0.01732566161081195,False,0,0.0,0.0,0.0,0.0,0.0,0.0,0.0,0.0,0.0,0.0,0.0,0.0,0.0,0.0,0.0,0.0,0.0,0.0,0.0,0.0,0.0,0.0,0.0,0.0,0.0,0.0,0.0,0.0,0.0,0.0,0.0,0.0,0.0,0.0,0.0,0.0,0.0,0.0,0.0,0.0,0.0,0.0,0.0,0.0,0.0,0.0
1780929636.951791,14,89.1403387922662,0.0,False,1.6815581571897805e-42,0.0,100.0,False,0.01732566161081195,False,0,0.0,0.0,0.0,0.0,0.0,0.0,0.0,0.0,0.0,0.0,0.0,0.0,0.0,0.0,0.0,0.0,0.0,0.0,0.0,0.0,0.0,0.0,0.0,0.0,0.0,0.0,0.0,0.0,0.0,0.0,0.0,0.0,0.0,0.0,0.0,0.0,0.0,0.0,0.0,0.0,0.0,0.0,0.0,0.0,0.0,0.0
1780929637.5730693,14,101.1236866416568,0.0,False,5.605193857299268e-43,0.0,100.0,False,0.07889760890975595,False,0,0.0,0.0,0.0,0.0,0.0,0.0,0.0,0.0,0.0,0.0,0.0,0.0,0.0,0.0,0.0,0.0,0.0,0.0,0.0,0.0,0.0,0.0,0.0,0.0,0.0,0.0,0.0,0.0,0.0,0.0,0.0,0.0,0.0,0.0,0.0,0.0,0.0,0.0,0.0,0.0,0.0,0.0,0.0,0.0,0.0,0.0
1780929637.5730693,14,101.1236866416568,0.0,False,5.605193857299268e-43,0.0,100.0,False,0.07889760890975595,False,0,0.0,0.0,0.0,0.0,0.0,0.0,0.0,0.0,0.0,0.0,0.0,0.0,0.0,0.0,0.0,0.0,0.0,0.0,0.0,0.0,0.0,0.0,0.0,0.0,0.0,0.0,0.0,0.0,0.0,0.0,0.0,0.0,0.0,0.0,0.0,0.0,0.0,0.0,0.0,0.0,0.0,0.0,0.0,0.0,0.0,0.0
1780929638.1746104,13,60.8276253029822,0.0,False,0.0,0.0,100.0,False,0.007669886690564454,False,0,0.0,0.0,0.0,0.0,0.0,0.0,0.0,0.0,0.0,0.0,0.0,0.0,0.0,0.0,0.0,0.0,0.0,0.0,0.0,0.0,0.0,0.0,0.0,0.0,0.0,0.0,0.05974418297410011,0.9402558207511902,0.11561752110719681,0.884382426738739,0.0,0.0,0.0,0.0,0.0,0.0,0.0,0.0,0.0,0.0,0.0,0.0,0.0,0.0,0.0,0.0
1780929638.1746104,13,60.8276253029822,0.0,False,0.0,0.0,100.0,False,0.007669886690564454,False,0,0.0,0.0,0.0,0.0,0.0,0.0,0.0,0.0,0.0,0.0,0.0,0.0,0.0,0.0,0.0,0.0,0.0,0.0,0.0,0.0,0.0,0.0,0.0,0.0,0.0,0.0,0.05974418297410011,0.9402558207511902,0.11561752110719681,0.884382426738739,0.0,0.0,0.0,0.0,0.0,0.0,0.0,0.0,0.0,0.0,0.0,0.0,0.0,0.0,0.0,0.0
1780929639.332677,13,75.76938695805846,4.3478260869565215,True,2.1019476964872256e-42,0.0,100.0,False,0.10239449329674244,False,1,0.0,0.0,0.0,0.0,0.0,0.0,0.0,0.0,0.0,0.0,0.0,0.0,0.0,0.0,0.0,0.0,0.0,0.0,0.0,0.0,0.0,0.0,0.0,0.0,0.0,0.0,0.10570017248392105,0.8942998647689819,0.7435333728790283,0.25646665692329407,0.0,0.0,0.0,0.0,0.0,0.0,0.0,0.0,0.0,0.0,0.0,0.0,0.0,0.0,0.0,0.0
1780929639.332677,13,75.76938695805846,4.3478260869565215,True,2.1019476964872256e-42,0.0,100.0,False,0.10239449329674244,False,1,0.0,0.0,0.0,0.0,0.0,0.0,0.0,0.0,0.0,0.0,0.0,0.0,0.0,0.0,0.0,0.0,0.0,0.0,0.0,0.0,0.0,0.0,0.0,0.0,0.0,0.0,0.10570017248392105,0.8942998647689819,0.7435333728790283,0.25646665692329407,0.0,0.0,0.0,0.0,0.0,0.0,0.0,0.0,0.0,0.0,0.0,0.0,0.0,0.0,0.0,0.0
1780929639.954357,13,75.27283706623525,0.0,False,0.0,0.0,100.0,False,0.005247482840786688,False,0,0.0,0.0,0.0,0.0,0.0,0.0,0.0,0.0,0.0,0.0,0.0,0.0,0.0,0.0,0.0,0.0,0.0,0.0,0.0,0.0,0.0,0.0,0.0,0.0,0.0,0.0,0.051577769219875336,0.9484222531318665,0.0,0.0,0.0,0.0,0.0,0.0,0.0,0.0,0.0,0.0,0.0,0.0,0.0,0.0,0.0,0.0,0.0,0.0
1780929639.954357,13,75.27283706623525,0.0,False,0.0,0.0,100.0,False,0.005247482840786688,False,0,0.0,0.0,0.0,0.0,0.0,0.0,0.0,0.0,0.0,0.0,0.0,0.0,0.0,0.0,0.0,0.0,0.0,0.0,0.0,0.0,0.0,0.0,0.0,0.0,0.0,0.0,0.051577769219875336,0.9484222531318665,0.0,0.0,0.0,0.0,0.0,0.0,0.0,0.0,0.0,0.0,0.0,0.0,0.0,0.0,0.0,0.0,0.0,0.0
1780929640.5942702,11,91.54780172128658,4.3478260869565215,True,5.605193857299268e-43,0.0,100.0,False,0.10239449329674244,False,1,0.0,0.0,0.0,0.0,0.0,0.0,0.0,0.0,0.0,0.0,0.0,0.0,0.0,0.0,0.0,0.0,0.0,0.0,0.0,0.0,0.0,0.0,0.0,0.0,0.0,0.0,0.7416126132011414,0.25838738679885864,0.0,0.0,0.0,0.0,0.0,0.0,0.0,0.0,0.0,0.0,0.0,0.0,0.0,0.0,0.0,0.0,0.0,0.0
1780929640.5942702,11,91.54780172128658,4.3478260869565215,True,5.605193857299268e-43,0.0,100.0,False,0.10239449329674244,False,1,0.0,0.0,0.0,0.0,0.0,0.0,0.0,0.0,0.0,0.0,0.0,0.0,0.0,0.0,0.0,0.0,0.0,0.0,0.0,0.0,0.0,0.0,0.0,0.0,0.0,0.0,0.7416126132011414,0.25838738679885864,0.0,0.0,0.0,0.0,0.0,0.0,0.0,0.0,0.0,0.0,0.0,0.0,0.0,0.0,0.0,0.0,0.0,0.0
1780929641.2237756,13,84.1486779456457,0.0,False,2.802596928649634e-43,0.0,100.0,False,0.028793801902793348,False,0,0.0,0.0,0.0,0.0,0.0,0.0,0.0,0.0,0.0,0.0,0.0,0.0,0.0,0.0,0.0,0.0,0.0,0.0,0.0,0.0,0.0,0.0,0.0,0.0,0.0,0.0,0.0,0.0,0.0,0.0,0.0,0.0,0.0,0.0,0.0,0.0,0.0,0.0,0.0,0.0,0.0,0.0,0.0,0.0,0.0,0.0
1780929641.2237756,13,84.1486779456457,0.0,False,2.802596928649634e-43,0.0,100.0,False,0.028793801902793348,False,0,0.0,0.0,0.0,0.0,0.0,0.0,0.0,0.0,0.0,0.0,0.0,0.0,0.0,0.0,0.0,0.0,0.0,0.0,0.0,0.0,0.0,0.0,0.0,0.0,0.0,0.0,0.0,0.0,0.0,0.0,0.0,0.0,0.0,0.0,0.0,0.0,0.0,0.0,0.0,0.0,0.0,0.0,0.0,0.0,0.0,0.0
1780929641.8450117,13,79.05694150420949,0.0,False,2.802596928649634e-43,0.0,100.0,False,0.001503142721048789,False,0,0.0,0.0,0.0,0.0,0.0,0.0,0.0,0.0,0.0,0.0,0.0,0.0,0.0,0.0,0.0,0.0,0.0,0.0,0.0,0.0,0.0,0.0,0.0,0.0,0.0,0.0,0.12864552438259125,0.8713544607162476,0.0,0.0,0.0,0.0,0.0,0.0,0.0,0.0,0.0,0.0,0.0,0.0,0.0,0.0,0.0,0.0,0.0,0.0
1780929641.8450117,13,79.05694150420949,0.0,False,2.802596928649634e-43,0.0,100.0,False,0.001503142721048789,False,0,0.0,0.0,0.0,0.0,0.0,0.0,0.0,0.0,0.0,0.0,0.0,0.0,0.0,0.0,0.0,0.0,0.0,0.0,0.0,0.0,0.0,0.0,0.0,0.0,0.0,0.0,0.12864552438259125,0.8713544607162476,0.0,0.0,0.0,0.0,0.0,0.0,0.0,0.0,0.0,0.0,0.0,0.0,0.0,0.0,0.0,0.0,0.0,0.0
1780929642.4736981,13,80.62257748298549,0.0,False,1.401298464324817e-43,0.0,100.0,False,0.011398915376048535,False,0,0.0,0.0,0.0,0.0,0.0,0.0,0.0,0.0,0.0,0.0,0.0,0.0,0.0,0.0,0.0,0.0,0.0,0.0,0.0,0.0,0.0,0.0,0.0,0.0,0.0,0.0,0.1787901520729065,0.8212099075317383,0.0,0.0,0.0,0.0,0.0,0.0,0.0,0.0,0.0,0.0,0.0,0.0,0.0,0.0,0.0,0.0,0.0,0.0
1780929642.4736981,13,80.62257748298549,0.0,False,1.401298464324817e-43,0.0,100.0,False,0.011398915376048535,False,0,0.0,0.0,0.0,0.0,0.0,0.0,0.0,0.0,0.0,0.0,0.0,0.0,0.0,0.0,0.0,0.0,0.0,0.0,0.0,0.0,0.0,0.0,0.0,0.0,0.0,0.0,0.1787901520729065,0.8212099075317383,0.0,0.0,0.0,0.0,0.0,0.0,0.0,0.0,0.0,0.0,0.0,0.0,0.0,0.0,0.0,0.0,0.0,0.0
1780929643.116732,11,55.362442142665635,4.3478260869565215,True,1.401298464324817e-43,0.0,100.0,False,0.007999976514838636,False,1,0.0,0.0,0.0,0.0,0.0,0.0,0.0,0.0,0.0,0.0,0.0,0.0,0.0,0.0,0.0,0.0,0.0,0.0,0.0,0.0,0.0,0.0,0.6514772176742554,0.3485228419303894,0.1435641050338745,0.8564358949661255,0.0,0.0,0.0,0.0,0.0,0.0,0.0,0.0,0.0,0.0,0.0,0.0,0.0,0.0,0.0,0.0,0.0,0.0,0.0,0.0
1780929643.116732,11,55.362442142665635,4.3478260869565215,True,1.401298464324817e-43,0.0,100.0,False,0.007999976514838636,False,1,0.0,0.0,0.0,0.0,0.0,0.0,0.0,0.0,0.0,0.0,0.0,0.0,0.0,0.0,0.0,0.0,0.0,0.0,0.0,0.0,0.0,0.0,0.6514772176742554,0.3485228419303894,0.1435641050338745,0.8564358949661255,0.0,0.0,0.0,0.0,0.0,0.0,0.0,0.0,0.0,0.0,0.0,0.0,0.0,0.0,0.0,0.0,0.0,0.0,0.0,0.0
1780929643.8680587,12,47.265209192385896,0.0,False,1.401298464324817e-43,0.0,100.0,False,90.94451069831848,True,1,0.0,0.0,0.0,0.0,0.0,0.0,0.0,0.0,0.0,0.0,0.0,0.0,0.0,0.0,0.0,0.0,0.0,0.0,0.0,0.0,0.0,0.0,0.10113811492919922,0.8988618850708008,0.17437110841274261,0.825628936290741,0.0,0.0,0.0,0.0,0.0,0.0,0.0,0.0,0.0,0.0,0.0,0.0,0.0,0.0,0.0,0.0,0.0,0.0,0.0,0.0
1780929643.8680587,12,47.265209192385896,0.0,False,1.401298464324817e-43,0.0,100.0,False,90.94451069831848,True,1,0.0,0.0,0.0,0.0,0.0,0.0,0.0,0.0,0.0,0.0,0.0,0.0,0.0,0.0,0.0,0.0,0.0,0.0,0.0,0.0,0.0,0.0,0.10113811492919922,0.8988618850708008,0.17437110841274261,0.825628936290741,0.0,0.0,0.0,0.0,0.0,0.0,0.0,0.0,0.0,0.0,0.0,0.0,0.0,0.0,0.0,0.0,0.0,0.0,0.0,0.0
1780929644.7409317,12,53.907327887774215,0.0,False,1.401298464324817e-43,0.0,100.0,False,99.99277591705322,True,1,0.0,0.0,0.0,0.0,0.0,0.0,0.0,0.0,0.0,0.0,0.0,0.0,0.0,0.0,0.0,0.0,0.0,0.0,0.0,0.0,0.0,0.0,0.3609444499015808,0.6390555500984192,0.21835443377494812,0.7816455960273743,0.2268214225769043,0.7731785774230957,0.0,0.0,0.0,0.0,0.0,0.0,0.0,0.0,0.0,0.0,0.0,0.0,0.0,0.0,0.0,0.0,0.0,0.0
1780929644.7409317,12,53.907327887774215,0.0,False,1.401298464324817e-43,0.0,100.0,False,99.99277591705322,True,1,0.0,0.0,0.0,0.0,0.0,0.0,0.0,0.0,0.0,0.0,0.0,0.0,0.0,0.0,0.0,0.0,0.0,0.0,0.0,0.0,0.0,0.0,0.3609444499015808,0.6390555500984192,0.21835443377494812,0.7816455960273743,0.2268214225769043,0.7731785774230957,0.0,0.0,0.0,0.0,0.0,0.0,0.0,0.0,0.0,0.0,0.0,0.0,0.0,0.0,0.0,0.0,0.0,0.0
1780929645.6136725,12,21.93171219946131,0.0,False,9.80908925027372e-43,0.0,100.0,False,99.99990463256836,True,1,0.0,0.0,0.0,0.0,0.0,0.0,0.0,0.0,0.0,0.0,0.0,0.0,0.0,0.0,0.0,0.0,0.0,0.0,0.0,0.0,0.0,0.0,0.0,0.0,0.03422490507364273,0.9657750129699707,0.05248706787824631,0.9475129842758179,0.0,0.0,0.0,0.0,0.0,0.0,0.0,0.0,0.0,0.0,0.0,0.0,0.0,0.0,0.0,0.0,0.0,0.0
1780929645.6136725,12,21.93171219946131,0.0,False,9.80908925027372e-43,0.0,100.0,False,99.99990463256836,True,1,0.0,0.0,0.0,0.0,0.0,0.0,0.0,0.0,0.0,0.0,0.0,0.0,0.0,0.0,0.0,0.0,0.0,0.0,0.0,0.0,0.0,0.0,0.0,0.0,0.03422490507364273,0.9657750129699707,0.05248706787824631,0.9475129842758179,0.0,0.0,0.0,0.0,0.0,0.0,0.0,0.0,0.0,0.0,0.0,0.0,0.0,0.0,0.0,0.0,0.0,0.0
1780929646.5251348,13,40.311288741492746,8.695652173913043,True,1.401298464324817e-42,0.0,100.0,False,99.99982118606567,True,1,0.0,0.0,0.0,0.0,0.0,0.0,0.0,0.0,0.0,0.0,0.0,0.0,0.0,0.0,0.0,0.0,0.0,0.0,0.0,0.0,0.0,0.0,0.0,0.0,0.9904409646987915,0.009559047408401966,0.643852174282074,0.35614779591560364,0.0,0.0,0.0,0.0,0.0,0.0,0.0,0.0,0.0,0.0,0.0,0.0,0.0,0.0,0.0,0.0,0.0,0.0
1780929646.5251348,13,40.311288741492746,8.695652173913043,True,1.401298464324817e-42,0.0,100.0,False,99.99982118606567,True,1,0.0,0.0,0.0,0.0,0.0,0.0,0.0,0.0,0.0,0.0,0.0,0.0,0.0,0.0,0.0,0.0,0.0,0.0,0.0,0.0,0.0,0.0,0.0,0.0,0.9904409646987915,0.009559047408401966,0.643852174282074,0.35614779591560364,0.0,0.0,0.0,0.0,0.0,0.0,0.0,0.0,0.0,0.0,0.0,0.0,0.0,0.0,0.0,0.0,0.0,0.0
1780929647.4800172,13,72.69112738154499,4.3478260869565215,True,1.401298464324817e-43,0.0,100.0,False,99.99909400939941,True,1,0.0,0.0,0.0,0.0,0.0,0.0,0.0,0.0,0.0,0.0,0.0,0.0,0.0,0.0,0.0,0.0,0.0,0.0,0.0,0.0,0.0,0.0,0.0,0.0,0.03267376497387886,0.967326283454895,0.942993700504303,0.057006318122148514,0.0,0.0,0.0,0.0,0.0,0.0,0.0,0.0,0.0,0.0,0.0,0.0,0.0,0.0,0.0,0.0,0.0,0.0
1780929647.4800172,13,72.69112738154499,4.3478260869565215,True,1.401298464324817e-43,0.0,100.0,False,99.99909400939941,True,1,0.0,0.0,0.0,0.0,0.0,0.0,0.0,0.0,0.0,0.0,0.0,0.0,0.0,0.0,0.0,0.0,0.0,0.0,0.0,0.0,0.0,0.0,0.0,0.0,0.03267376497387886,0.967326283454895,0.942993700504303,0.057006318122148514,0.0,0.0,0.0,0.0,0.0,0.0,0.0,0.0,0.0,0.0,0.0,0.0,0.0,0.0,0.0,0.0,0.0,0.0
1780929648.3819444,13,101.92153844992725,0.0,False,5.605193857299268e-43,0.0,100.0,False,0.00019786461962212343,False,0,0.0,0.0,0.0,0.0,0.0,0.0,0.0,0.0,0.0,0.0,0.0,0.0,0.0,0.0,0.0,0.0,0.0,0.0,0.0,0.0,0.0,0.0,0.0,0.0,0.0,0.0,0.14305636286735535,0.856943666934967,0.0,0.0,0.0,0.0,0.0,0.0,0.0,0.0,0.0,0.0,0.0,0.0,0.0,0.0,0.0,0.0,0.0,0.0
1780929648.3819444,13,101.92153844992725,0.0,False,5.605193857299268e-43,0.0,100.0,False,0.00019786461962212343,False,0,0.0,0.0,0.0,0.0,0.0,0.0,0.0,0.0,0.0,0.0,0.0,0.0,0.0,0.0,0.0,0.0,0.0,0.0,0.0,0.0,0.0,0.0,0.0,0.0,0.0,0.0,0.14305636286735535,0.856943666934967,0.0,0.0,0.0,0.0,0.0,0.0,0.0,0.0,0.0,0.0,0.0,0.0,0.0,0.0,0.0,0.0,0.0,0.0
1780929649.0749083,13,80.62257748298549,0.0,False,1.5414283107572988e-42,0.0,100.0,False,0.006647589907515794,False,0,0.0,0.0,0.0,0.0,0.0,0.0,0.0,0.0,0.0,0.0,0.0,0.0,0.0,0.0,0.0,0.0,0.0,0.0,0.0,0.0,0.0,0.0,0.0,0.0,0.0,0.0,0.0,0.0,0.0,0.0,0.0,0.0,0.0,0.0,0.0,0.0,0.0,0.0,0.0,0.0,0.0,0.0,0.0,0.0,0.0,0.0
1780929649.0749083,13,80.62257748298549,0.0,False,1.5414283107572988e-42,0.0,100.0,False,0.006647589907515794,False,0,0.0,0.0,0.0,0.0,0.0,0.0,0.0,0.0,0.0,0.0,0.0,0.0,0.0,0.0,0.0,0.0,0.0,0.0,0.0,0.0,0.0,0.0,0.0,0.0,0.0,0.0,0.0,0.0,0.0,0.0,0.0,0.0,0.0,0.0,0.0,0.0,0.0,0.0,0.0,0.0,0.0,0.0,0.0,0.0,0.0,0.0
1780929649.6690624,13,88.36288813749809,0.0,False,2.802596928649634e-43,0.0,100.0,False,0.0002712783725655754,False,0,0.0,0.0,0.0,0.0,0.0,0.0,0.0,0.0,0.0,0.0,0.0,0.0,0.0,0.0,0.0,0.0,0.0,0.0,0.0,0.0,0.0,0.0,0.0,0.0,0.0,0.0,0.0,0.0,0.0,0.0,0.0,0.0,0.0,0.0,0.0,0.0,0.0,0.0,0.0,0.0,0.0,0.0,0.0,0.0,0.0,0.0
1780929649.6690624,13,88.36288813749809,0.0,False,2.802596928649634e-43,0.0,100.0,False,0.0002712783725655754,False,0,0.0,0.0,0.0,0.0,0.0,0.0,0.0,0.0,0.0,0.0,0.0,0.0,0.0,0.0,0.0,0.0,0.0,0.0,0.0,0.0,0.0,0.0,0.0,0.0,0.0,0.0,0.0,0.0,0.0,0.0,0.0,0.0,0.0,0.0,0.0,0.0,0.0,0.0,0.0,0.0,0.0,0.0,0.0,0.0,0.0,0.0
1780929650.3046412,11,66.18912297349165,0.0,False,1.401298464324817e-43,0.0,100.0,False,4.039329426497318e-08,False,0,0.0,0.0,0.0,0.0,0.0,0.0,0.0,0.0,0.0,0.0,0.0,0.0,0.0,0.0,0.0,0.0,0.0,0.0,0.0,0.0,0.0,0.0,0.03284928947687149,0.9671507477760315,0.0,0.0,0.0,0.0,0.0,0.0,0.0,0.0,0.0,0.0,0.0,0.0,0.0,0.0,0.0,0.0,0.0,0.0,0.0,0.0,0.0,0.0
1780929650.3046412,11,66.18912297349165,0.0,False,1.401298464324817e-43,0.0,100.0,False,4.039329426497318e-08,False,0,0.0,0.0,0.0,0.0,0.0,0.0,0.0,0.0,0.0,0.0,0.0,0.0,0.0,0.0,0.0,0.0,0.0,0.0,0.0,0.0,0.0,0.0,0.03284928947687149,0.9671507477760315,0.0,0.0,0.0,0.0,0.0,0.0,0.0,0.0,0.0,0.0,0.0,0.0,0.0,0.0,0.0,0.0,0.0,0.0,0.0,0.0,0.0,0.0
1780929650.9323626,11,97.18538984847466,4.3478260869565215,True,2.802596928649634e-43,0.0,100.0,False,0.1484433887526393,False,1,0.0,0.0,0.0,0.0,0.0,0.0,0.0,0.0,0.0,0.0,0.0,0.0,0.0,0.0,0.0,0.0,0.0,0.0,0.0,0.0,0.0,0.0,0.575908899307251,0.4240911602973938,0.0,0.0,0.0,0.0,0.0,0.0,0.0,0.0,0.0,0.0,0.0,0.0,0.0,0.0,0.0,0.0,0.0,0.0,0.0,0.0,0.0,0.0
1780929650.9323626,11,97.18538984847466,4.3478260869565215,True,2.802596928649634e-43,0.0,100.0,False,0.1484433887526393,False,1,0.0,0.0,0.0,0.0,0.0,0.0,0.0,0.0,0.0,0.0,0.0,0.0,0.0,0.0,0.0,0.0,0.0,0.0,0.0,0.0,0.0,0.0,0.575908899307251,0.4240911602973938,0.0,0.0,0.0,0.0,0.0,0.0,0.0,0.0,0.0,0.0,0.0,0.0,0.0,0.0,0.0,0.0,0.0,0.0,0.0,0.0,0.0,0.0
1780929651.5634766,12,64.07027391856539,0.0,False,0.0,0.0,100.0,False,6.209396588019445e-05,False,0,0.0,0.0,0.0,0.0,0.0,0.0,0.0,0.0,0.0,0.0,0.0,0.0,0.0,0.0,0.0,0.0,0.0,0.0,0.0,0.0,0.0,0.0,0.024706672877073288,0.9752933382987976,0.02443191036581993,0.9755681157112122,0.1051495373249054,0.8948504328727722,0.0,0.0,0.0,0.0,0.0,0.0,0.0,0.0,0.0,0.0,0.0,0.0,0.0,0.0,0.0,0.0,0.0,0.0
1780929651.5634766,12,64.07027391856539,0.0,False,0.0,0.0,100.0,False,6.209396588019445e-05,False,0,0.0,0.0,0.0,0.0,0.0,0.0,0.0,0.0,0.0,0.0,0.0,0.0,0.0,0.0,0.0,0.0,0.0,0.0,0.0,0.0,0.0,0.0,0.024706672877073288,0.9752933382987976,0.02443191036581993,0.9755681157112122,0.1051495373249054,0.8948504328727722,0.0,0.0,0.0,0.0,0.0,0.0,0.0,0.0,0.0,0.0,0.0,0.0,0.0,0.0,0.0,0.0,0.0,0.0
1780929652.2020025,13,86.46964785403026,0.0,False,1.401298464324817e-43,0.0,100.0,False,0.008073518256423995,False,0,0.0,0.0,0.0,0.0,0.0,0.0,0.0,0.0,0.0,0.0,0.0,0.0,0.0,0.0,0.0,0.0,0.0,0.0,0.0,0.0,0.0,0.0,0.1796257644891739,0.8203742504119873,0.4327930808067322,0.5672069191932678,0.027429942041635513,0.97257000207901,0.0,0.0,0.0,0.0,0.0,0.0,0.0,0.0,0.0,0.0,0.0,0.0,0.0,0.0,0.0,0.0,0.0,0.0
1780929652.2020025,13,86.46964785403026,0.0,False,1.401298464324817e-43,0.0,100.0,False,0.008073518256423995,False,0,0.0,0.0,0.0,0.0,0.0,0.0,0.0,0.0,0.0,0.0,0.0,0.0,0.0,0.0,0.0,0.0,0.0,0.0,0.0,0.0,0.0,0.0,0.1796257644891739,0.8203742504119873,0.4327930808067322,0.5672069191932678,0.027429942041635513,0.97257000207901,0.0,0.0,0.0,0.0,0.0,0.0,0.0,0.0,0.0,0.0,0.0,0.0,0.0,0.0,0.0,0.0,0.0,0.0
1780929652.8051639,11,102.70345661174214,0.0,False,5.605193857299268e-43,0.0,100.0,False,0.006333395867841318,False,0,0.0,0.0,0.0,0.0,0.0,0.0,0.0,0.0,0.0,0.0,0.0,0.0,0.0,0.0,0.0,0.0,0.0,0.0,0.0,0.0,0.0,0.0,0.0,0.0,0.0,0.0,0.0,0.0,0.0,0.0,0.0,0.0,0.0,0.0,0.0,0.0,0.0,0.0,0.0,0.0,0.0,0.0,0.0,0.0,0.0,0.0
1780929652.8051639,11,102.70345661174214,0.0,False,5.605193857299268e-43,0.0,100.0,False,0.006333395867841318,False,0,0.0,0.0,0.0,0.0,0.0,0.0,0.0,0.0,0.0,0.0,0.0,0.0,0.0,0.0,0.0,0.0,0.0,0.0,0.0,0.0,0.0,0.0,0.0,0.0,0.0,0.0,0.0,0.0,0.0,0.0,0.0,0.0,0.0,0.0,0.0,0.0,0.0,0.0,0.0,0.0,0.0,0.0,0.0,0.0,0.0,0.0
1780929653.442297,13,96.13012014972206,0.0,False,0.0,0.0,100.0,False,0.00011004328825947596,False,0,0.0,0.0,0.0,0.0,0.0,0.0,0.0,0.0,0.0,0.0,0.0,0.0,0.0,0.0,0.0,0.0,0.0,0.0,0.0,0.0,0.0,0.0,0.0,0.0,0.0,0.0,0.0,0.0,0.0,0.0,0.0,0.0,0.0,0.0,0.0,0.0,0.0,0.0,0.0,0.0,0.0,0.0,0.0,0.0,0.0,0.0
1780929653.442297,13,96.13012014972206,0.0,False,0.0,0.0,100.0,False,0.00011004328825947596,False,0,0.0,0.0,0.0,0.0,0.0,0.0,0.0,0.0,0.0,0.0,0.0,0.0,0.0,0.0,0.0,0.0,0.0,0.0,0.0,0.0,0.0,0.0,0.0,0.0,0.0,0.0,0.0,0.0,0.0,0.0,0.0,0.0,0.0,0.0,0.0,0.0,0.0,0.0,0.0,0.0,0.0,0.0,0.0,0.0,0.0,0.0
1780929654.0472486,13,67.26812023536856,4.3478260869565215,True,2.802596928649634e-43,0.0,100.0,False,0.00333053212671075,False,1,0.0,0.0,0.0,0.0,0.0,0.0,0.0,0.0,0.0,0.0,0.0,0.0,0.0,0.0,0.0,0.0,0.0,0.0,0.0,0.0,0.0,0.0,0.0,0.0,0.0,0.0,0.7709580659866333,0.2290419042110443,0.0,0.0,0.0,0.0,0.0,0.0,0.0,0.0,0.0,0.0,0.0,0.0,0.0,0.0,0.0,0.0,0.0,0.0
1780929654.0472486,13,67.26812023536856,4.3478260869565215,True,2.802596928649634e-43,0.0,100.0,False,0.00333053212671075,False,1,0.0,0.0,0.0,0.0,0.0,0.0,0.0,0.0,0.0,0.0,0.0,0.0,0.0,0.0,0.0,0.0,0.0,0.0,0.0,0.0,0.0,0.0,0.0,0.0,0.0,0.0,0.7709580659866333,0.2290419042110443,0.0,0.0,0.0,0.0,0.0,0.0,0.0,0.0,0.0,0.0,0.0,0.0,0.0,0.0,0.0,0.0,0.0,0.0
1780929654.6533918,13,52.172789842982326,0.0,False,1.401298464324817e-43,0.0,100.0,False,0.0004997147243557265,False,0,0.0,0.0,0.0,0.0,0.0,0.0,0.0,0.0,0.0,0.0,0.0,0.0,0.0,0.0,0.0,0.0,0.0,0.0,0.0,0.0,0.0,0.0,0.0,0.0,0.2001296579837799,0.7998703122138977,0.07495098561048508,0.9250490069389343,0.0,0.0,0.0,0.0,0.0,0.0,0.0,0.0,0.0,0.0,0.0,0.0,0.0,0.0,0.0,0.0,0.0,0.0
1780929654.6533918,13,52.172789842982326,0.0,False,1.401298464324817e-43,0.0,100.0,False,0.0004997147243557265,False,0,0.0,0.0,0.0,0.0,0.0,0.0,0.0,0.0,0.0,0.0,0.0,0.0,0.0,0.0,0.0,0.0,0.0,0.0,0.0,0.0,0.0,0.0,0.0,0.0,0.2001296579837799,0.7998703122138977,0.07495098561048508,0.9250490069389343,0.0,0.0,0.0,0.0,0.0,0.0,0.0,0.0,0.0,0.0,0.0,0.0,0.0,0.0,0.0,0.0,0.0,0.0
1780929655.2746742,13,47.75981574503821,4.3478260869565215,True,1.401298464324817e-43,0.0,100.0,False,99.99866485595703,True,1,0.0,0.0,0.0,0.0,0.0,0.0,0.0,0.0,0.0,0.0,0.0,0.0,0.0,0.0,0.0,0.0,0.0,0.0,0.0,0.0,0.0,0.0,0.0,0.0,0.06145370751619339,0.9385462403297424,0.7110056281089783,0.28899431228637695,0.0,0.0,0.0,0.0,0.0,0.0,0.0,0.0,0.0,0.0,0.0,0.0,0.0,0.0,0.0,0.0,0.0,0.0
1780929655.2746742,13,47.75981574503821,4.3478260869565215,True,1.401298464324817e-43,0.0,100.0,False,99.99866485595703,True,1,0.0,0.0,0.0,0.0,0.0,0.0,0.0,0.0,0.0,0.0,0.0,0.0,0.0,0.0,0.0,0.0,0.0,0.0,0.0,0.0,0.0,0.0,0.0,0.0,0.06145370751619339,0.9385462403297424,0.7110056281089783,0.28899431228637695,0.0,0.0,0.0,0.0,0.0,0.0,0.0,0.0,0.0,0.0,0.0,0.0,0.0,0.0,0.0,0.0,0.0,0.0
1780929655.8966415,13,92.78469701410896,4.3478260869565215,True,0.0,0.0,100.0,False,99.99936819076538,True,1,0.0,0.0,0.0,0.0,0.0,0.0,0.0,0.0,0.0,0.0,0.0,0.0,0.0,0.0,0.0,0.0,0.0,0.0,0.0,0.0,0.0,0.0,0.0,0.0,0.0,0.0,0.6393145322799683,0.36068546772003174,0.0,0.0,0.0,0.0,0.0,0.0,0.0,0.0,0.0,0.0,0.0,0.0,0.0,0.0,0.0,0.0,0.0,0.0
1780929655.8966415,13,92.78469701410896,4.3478260869565215,True,0.0,0.0,100.0,False,99.99936819076538,True,1,0.0,0.0,0.0,0.0,0.0,0.0,0.0,0.0,0.0,0.0,0.0,0.0,0.0,0.0,0.0,0.0,0.0,0.0,0.0,0.0,0.0,0.0,0.0,0.0,0.0,0.0,0.6393145322799683,0.36068546772003174,0.0,0.0,0.0,0.0,0.0,0.0,0.0,0.0,0.0,0.0,0.0,0.0,0.0,0.0,0.0,0.0,0.0,0.0
1780929656.520193,13,75.64390259630977,4.3478260869565215,True,5.605193857299268e-43,0.0,100.0,False,0.1484433887526393,False,1,0.0,0.0,0.0,0.0,0.0,0.0,0.0,0.0,0.0,0.0,0.0,0.0,0.0,0.0,0.0,0.0,0.0,0.0,0.0,0.0,0.0,0.0,0.0,0.0,0.0,0.0,0.7684064507484436,0.231593519449234,0.0,0.0,0.0,0.0,0.0,0.0,0.0,0.0,0.0,0.0,0.0,0.0,0.0,0.0,0.0,0.0,0.0,0.0
1780929656.520193,13,75.64390259630977,4.3478260869565215,True,5.605193857299268e-43,0.0,100.0,False,0.1484433887526393,False,1,0.0,0.0,0.0,0.0,0.0,0.0,0.0,0.0,0.0,0.0,0.0,0.0,0.0,0.0,0.0,0.0,0.0,0.0,0.0,0.0,0.0,0.0,0.0,0.0,0.0,0.0,0.7684064507484436,0.231593519449234,0.0,0.0,0.0,0.0,0.0,0.0,0.0,0.0,0.0,0.0,0.0,0.0,0.0,0.0,0.0,0.0,0.0,0.0
1780929657.8067572,14,70.8590149522275,0.0,False,5.605193857299268e-43,0.0,100.0,False,0.006794101500418037,False,0,0.0,0.0,0.0,0.0,0.0,0.0,0.0,0.0,0.0,0.0,0.0,0.0,0.0,0.0,0.0,0.0,0.0,0.0,0.0,0.0,0.0,0.0,0.0,0.0,0.0,0.0,0.10917280614376068,0.8908271789550781,0.24035558104515076,0.7596444487571716,0.0,0.0,0.0,0.0,0.0,0.0,0.0,0.0,0.0,0.0,0.0,0.0,0.0,0.0,0.0,0.0
1780929657.8067572,14,70.8590149522275,0.0,False,5.605193857299268e-43,0.0,100.0,False,0.006794101500418037,False,0,0.0,0.0,0.0,0.0,0.0,0.0,0.0,0.0,0.0,0.0,0.0,0.0,0.0,0.0,0.0,0.0,0.0,0.0,0.0,0.0,0.0,0.0,0.0,0.0,0.0,0.0,0.10917280614376068,0.8908271789550781,0.24035558104515076,0.7596444487571716,0.0,0.0,0.0,0.0,0.0,0.0,0.0,0.0,0.0,0.0,0.0,0.0,0.0,0.0,0.0,0.0
1780929658.46142,14,72.99315036357864,0.0,False,2.942726775082116e-42,0.0,100.0,False,0.0037560756027232856,False,0,0.0,0.0,0.0,0.0,0.0,0.0,0.0,0.0,0.0,0.0,0.0,0.0,0.0,0.0,0.0,0.0,0.0,0.0,0.0,0.0,0.0,0.0,0.0,0.0,0.0,0.0,0.0,0.0,0.14161305129528046,0.8583869338035583,0.0,0.0,0.0,0.0,0.0,0.0,0.0,0.0,0.0,0.0,0.0,0.0,0.0,0.0,0.0,0.0
1780929658.46142,14,72.99315036357864,0.0,False,2.942726775082116e-42,0.0,100.0,False,0.0037560756027232856,False,0,0.0,0.0,0.0,0.0,0.0,0.0,0.0,0.0,0.0,0.0,0.0,0.0,0.0,0.0,0.0,0.0,0.0,0.0,0.0,0.0,0.0,0.0,0.0,0.0,0.0,0.0,0.0,0.0,0.14161305129528046,0.8583869338035583,0.0,0.0,0.0,0.0,0.0,0.0,0.0,0.0,0.0,0.0,0.0,0.0,0.0,0.0,0.0,0.0
1780929659.261993,13,52.0,4.3478260869565215,True,8.407790785948902e-43,0.0,100.0,False,0.007999976514838636,False,1,0.0,0.0,0.0,0.0,0.0,0.0,0.0,0.0,0.0,0.0,0.0,0.0,0.0,0.0,0.0,0.0,0.0,0.0,0.0,0.0,0.0,0.0,0.0,0.0,0.0,0.0,0.23079931735992432,0.7692006826400757,0.5777521133422852,0.42224785685539246,0.0,0.0,0.0,0.0,0.0,0.0,0.0,0.0,0.0,0.0,0.0,0.0,0.0,0.0,0.0,0.0
1780929659.261993,13,52.0,4.3478260869565215,True,8.407790785948902e-43,0.0,100.0,False,0.007999976514838636,False,1,0.0,0.0,0.0,0.0,0.0,0.0,0.0,0.0,0.0,0.0,0.0,0.0,0.0,0.0,0.0,0.0,0.0,0.0,0.0,0.0,0.0,0.0,0.0,0.0,0.0,0.0,0.23079931735992432,0.7692006826400757,0.5777521133422852,0.42224785685539246,0.0,0.0,0.0,0.0,0.0,0.0,0.0,0.0,0.0,0.0,0.0,0.0,0.0,0.0,0.0,0.0
1780929660.1202586,13,66.18912297349165,0.0,False,0.0,0.0,100.0,False,0.0037560756027232856,False,0,0.0,0.0,0.0,0.0,0.0,0.0,0.0,0.0,0.0,0.0,0.0,0.0,0.0,0.0,0.0,0.0,0.0,0.0,0.0,0.0,0.0,0.0,0.0,0.0,0.0,0.0,0.032260771840810776,0.9677392840385437,0.0,0.0,0.0,0.0,0.0,0.0,0.0,0.0,0.0,0.0,0.0,0.0,0.0,0.0,0.0,0.0,0.0,0.0
1780929660.1202586,13,66.18912297349165,0.0,False,0.0,0.0,100.0,False,0.0037560756027232856,False,0,0.0,0.0,0.0,0.0,0.0,0.0,0.0,0.0,0.0,0.0,0.0,0.0,0.0,0.0,0.0,0.0,0.0,0.0,0.0,0.0,0.0,0.0,0.0,0.0,0.0,0.0,0.032260771840810776,0.9677392840385437,0.0,0.0,0.0,0.0,0.0,0.0,0.0,0.0,0.0,0.0,0.0,0.0,0.0,0.0,0.0,0.0,0.0,0.0
1780929661.102477,13,77.88452991448301,0.0,False,2.802596928649634e-43,0.0,100.0,False,0.002458995732013136,False,0,0.0,0.0,0.0,0.0,0.0,0.0,0.0,0.0,0.0,0.0,0.0,0.0,0.0,0.0,0.0,0.0,0.0,0.0,0.0,0.0,0.0,0.0,0.0,0.0,0.0,0.0,0.30658021569252014,0.6934198141098022,0.0,0.0,0.0,0.0,0.0,0.0,0.0,0.0,0.0,0.0,0.0,0.0,0.0,0.0,0.0,0.0,0.0,0.0
1780929661.102477,13,77.88452991448301,0.0,False,2.802596928649634e-43,0.0,100.0,False,0.002458995732013136,False,0,0.0,0.0,0.0,0.0,0.0,0.0,0.0,0.0,0.0,0.0,0.0,0.0,0.0,0.0,0.0,0.0,0.0,0.0,0.0,0.0,0.0,0.0,0.0,0.0,0.0,0.0,0.30658021569252014,0.6934198141098022,0.0,0.0,0.0,0.0,0.0,0.0,0.0,0.0,0.0,0.0,0.0,0.0,0.0,0.0,0.0,0.0,0.0,0.0
1780929662.022956,13,82.73451516749222,4.3478260869565215,True,0.0,0.0,100.0,False,0.007102942618075758,False,1,0.0,0.0,0.0,0.0,0.0,0.0,0.0,0.0,0.0,0.0,0.0,0.0,0.0,0.0,0.0,0.0,0.0,0.0,0.0,0.0,0.0,0.0,0.0,0.0,0.0,0.0,0.8953106999397278,0.10468928515911102,0.0,0.0,0.0,0.0,0.0,0.0,0.0,0.0,0.0,0.0,0.0,0.0,0.0,0.0,0.0,0.0,0.0,0.0
1780929662.022956,13,82.73451516749222,4.3478260869565215,True,0.0,0.0,100.0,False,0.007102942618075758,False,1,0.0,0.0,0.0,0.0,0.0,0.0,0.0,0.0,0.0,0.0,0.0,0.0,0.0,0.0,0.0,0.0,0.0,0.0,0.0,0.0,0.0,0.0,0.0,0.0,0.0,0.0,0.8953106999397278,0.10468928515911102,0.0,0.0,0.0,0.0,0.0,0.0,0.0,0.0,0.0,0.0,0.0,0.0,0.0,0.0,0.0,0.0,0.0,0.0
1780929662.9836655,11,83.18653737234169,0.0,False,1.401298464324817e-43,0.0,100.0,False,0.005072199928690679,False,0,0.0,0.0,0.0,0.0,0.0,0.0,0.0,0.0,0.0,0.0,0.0,0.0,0.0,0.0,0.0,0.0,0.0,0.0,0.0,0.0,0.0,0.0,0.0,0.0,0.0,0.0,0.0,0.0,0.0,0.0,0.0,0.0,0.0,0.0,0.0,0.0,0.0,0.0,0.0,0.0,0.0,0.0,0.0,0.0,0.0,0.0
1780929662.9836655,11,83.18653737234169,0.0,False,1.401298464324817e-43,0.0,100.0,False,0.005072199928690679,False,0,0.0,0.0,0.0,0.0,0.0,0.0,0.0,0.0,0.0,0.0,0.0,0.0,0.0,0.0,0.0,0.0,0.0,0.0,0.0,0.0,0.0,0.0,0.0,0.0,0.0,0.0,0.0,0.0,0.0,0.0,0.0,0.0,0.0,0.0,0.0,0.0,0.0,0.0,0.0,0.0,0.0,0.0,0.0,0.0,0.0,0.0
1780929663.7637382,11,70.61161377563892,0.0,False,2.802596928649634e-43,0.0,100.0,False,0.003897520582540892,False,0,0.0,0.0,0.0,0.0,0.0,0.0,0.0,0.0,0.0,0.0,0.0,0.0,0.0,0.0,0.0,0.0,0.0,0.0,0.0,0.0,0.0,0.0,0.41154807806015015,0.5884519219398499,0.057710446417331696,0.9422895312309265,0.0,0.0,0.0,0.0,0.0,0.0,0.0,0.0,0.0,0.0,0.0,0.0,0.0,0.0,0.0,0.0,0.0,0.0,0.0,0.0
1780929663.7637382,11,70.61161377563892,0.0,False,2.802596928649634e-43,0.0,100.0,False,0.003897520582540892,False,0,0.0,0.0,0.0,0.0,0.0,0.0,0.0,0.0,0.0,0.0,0.0,0.0,0.0,0.0,0.0,0.0,0.0,0.0,0.0,0.0,0.0,0.0,0.41154807806015015,0.5884519219398499,0.057710446417331696,0.9422895312309265,0.0,0.0,0.0,0.0,0.0,0.0,0.0,0.0,0.0,0.0,0.0,0.0,0.0,0.0,0.0,0.0,0.0,0.0,0.0,0.0
1780929664.380528,11,63.150613615387776,0.0,False,1.401298464324817e-43,0.0,100.0,False,0.005072199928690679,False,0,0.0,0.0,0.0,0.0,0.0,0.0,0.0,0.0,0.0,0.0,0.0,0.0,0.0,0.0,0.0,0.0,0.0,0.0,0.0,0.0,0.0,0.0,0.17431379854679108,0.8256862163543701,0.37778013944625854,0.6222198605537415,0.0,0.0,0.0,0.0,0.0,0.0,0.0,0.0,0.0,0.0,0.0,0.0,0.0,0.0,0.0,0.0,0.0,0.0,0.0,0.0
1780929664.380528,11,63.150613615387776,0.0,False,1.401298464324817e-43,0.0,100.0,False,0.005072199928690679,False,0,0.0,0.0,0.0,0.0,0.0,0.0,0.0,0.0,0.0,0.0,0.0,0.0,0.0,0.0,0.0,0.0,0.0,0.0,0.0,0.0,0.0,0.0,0.17431379854679108,0.8256862163543701,0.37778013944625854,0.6222198605537415,0.0,0.0,0.0,0.0,0.0,0.0,0.0,0.0,0.0,0.0,0.0,0.0,0.0,0.0,0.0,0.0,0.0,0.0,0.0,0.0
1780929664.9930282,10,37.0,0.0,False,2.802596928649634e-43,0.0,100.0,False,99.99964237213135,True,1,0.0,0.0,0.0,0.0,0.0,0.0,0.0,0.0,0.0,0.0,0.0,0.0,0.0,0.0,0.0,0.0,0.0,0.0,0.0,0.0,0.12560917437076569,0.8743907809257507,0.14580108225345612,0.8541989922523499,0.0,0.0,0.0,0.0,0.0,0.0,0.0,0.0,0.0,0.0,0.0,0.0,0.0,0.0,0.0,0.0,0.0,0.0,0.0,0.0,0.0,0.0
1780929664.9930282,10,37.0,0.0,False,2.802596928649634e-43,0.0,100.0,False,99.99964237213135,True,1,0.0,0.0,0.0,0.0,0.0,0.0,0.0,0.0,0.0,0.0,0.0,0.0,0.0,0.0,0.0,0.0,0.0,0.0,0.0,0.0,0.12560917437076569,0.8743907809257507,0.14580108225345612,0.8541989922523499,0.0,0.0,0.0,0.0,0.0,0.0,0.0,0.0,0.0,0.0,0.0,0.0,0.0,0.0,0.0,0.0,0.0,0.0,0.0,0.0,0.0,0.0
1780929665.605131,10,33.301651610693426,4.3478260869565215,True,0.0,0.0,100.0,False,99.99964237213135,True,1,0.0,0.0,0.0,0.0,0.0,0.0,0.0,0.0,0.0,0.0,0.0,0.0,0.0,0.0,0.0,0.0,0.0,0.0,0.0,0.0,0.9796383380889893,0.02036159858107567,0.027188710868358612,0.9728112816810608,0.0,0.0,0.0,0.0,0.0,0.0,0.0,0.0,0.0,0.0,0.0,0.0,0.0,0.0,0.0,0.0,0.0,0.0,0.0,0.0,0.0,0.0
1780929665.605131,10,33.301651610693426,4.3478260869565215,True,0.0,0.0,100.0,False,99.99964237213135,True,1,0.0,0.0,0.0,0.0,0.0,0.0,0.0,0.0,0.0,0.0,0.0,0.0,0.0,0.0,0.0,0.0,0.0,0.0,0.0,0.0,0.9796383380889893,0.02036159858107567,0.027188710868358612,0.9728112816810608,0.0,0.0,0.0,0.0,0.0,0.0,0.0,0.0,0.0,0.0,0.0,0.0,0.0,0.0,0.0,0.0,0.0,0.0,0.0,0.0,0.0,0.0
1780929666.2551668,10,14.560219778561036,4.3478260869565215,True,0.0,0.0,100.0,False,99.55381155014038,True,1,0.0,0.0,0.0,0.0,0.0,0.0,0.0,0.0,0.0,0.0,0.0,0.0,0.0,0.0,0.0,0.0,0.0,0.0,0.0,0.0,0.996781587600708,0.0032183330040425062,0.027083661407232285,0.972916305065155,0.0,0.0,0.0,0.0,0.0,0.0,0.0,0.0,0.0,0.0,0.0,0.0,0.0,0.0,0.0,0.0,0.0,0.0,0.0,0.0,0.0,0.0
1780929666.2551668,10,14.560219778561036,4.3478260869565215,True,0.0,0.0,100.0,False,99.55381155014038,True,1,0.0,0.0,0.0,0.0,0.0,0.0,0.0,0.0,0.0,0.0,0.0,0.0,0.0,0.0,0.0,0.0,0.0,0.0,0.0,0.0,0.996781587600708,0.0032183330040425062,0.027083661407232285,0.972916305065155,0.0,0.0,0.0,0.0,0.0,0.0,0.0,0.0,0.0,0.0,0.0,0.0,0.0,0.0,0.0,0.0,0.0,0.0,0.0,0.0,0.0,0.0
1780929666.8636692,10,39.56008088970496,4.3478260869565215,True,3.0688436368713494e-41,0.0,100.0,False,99.99983310699463,True,1,0.0,0.0,0.0,0.0,0.0,0.0,0.0,0.0,0.0,0.0,0.0,0.0,0.0,0.0,0.0,0.0,0.0,0.0,0.0,0.0,0.9664387106895447,0.033561281859874725,0.06029265746474266,0.9397073984146118,0.0,0.0,0.0,0.0,0.0,0.0,0.0,0.0,0.0,0.0,0.0,0.0,0.0,0.0,0.0,0.0,0.0,0.0,0.0,0.0,0.0,0.0
1780929666.8636692,10,39.56008088970496,4.3478260869565215,True,3.0688436368713494e-41,0.0,100.0,False,99.99983310699463,True,1,0.0,0.0,0.0,0.0,0.0,0.0,0.0,0.0,0.0,0.0,0.0,0.0,0.0,0.0,0.0,0.0,0.0,0.0,0.0,0.0,0.9664387106895447,0.033561281859874725,0.06029265746474266,0.9397073984146118,0.0,0.0,0.0,0.0,0.0,0.0,0.0,0.0,0.0,0.0,0.0,0.0,0.0,0.0,0.0,0.0,0.0,0.0,0.0,0.0,0.0,0.0
1780929667.4964786,10,29.206163733020468,0.0,False,1.401298464324817e-42,0.0,100.0,False,99.99346733093262,True,1,0.0,0.0,0.0,0.0,0.0,0.0,0.0,0.0,0.0,0.0,0.0,0.0,0.0,0.0,0.0,0.0,0.0,0.0,0.08094894886016846,0.9190510511398315,0.01656094752252102,0.983439028263092,0.0,0.0,0.0,0.0,0.0,0.0,0.0,0.0,0.0,0.0,0.0,0.0,0.0,0.0,0.0,0.0,0.0,0.0,0.0,0.0,0.0,0.0,0.0,0.0
1780929667.4964786,10,29.206163733020468,0.0,False,1.401298464324817e-42,0.0,100.0,False,99.99346733093262,True,1,0.0,0.0,0.0,0.0,0.0,0.0,0.0,0.0,0.0,0.0,0.0,0.0,0.0,0.0,0.0,0.0,0.0,0.0,0.08094894886016846,0.9190510511398315,0.01656094752252102,0.983439028263092,0.0,0.0,0.0,0.0,0.0,0.0,0.0,0.0,0.0,0.0,0.0,0.0,0.0,0.0,0.0,0.0,0.0,0.0,0.0,0.0,0.0,0.0,0.0,0.0
1780929668.1009839,10,31.76476034853718,13.043478260869565,True,3.0688436368713494e-41,0.0,100.0,False,99.99277591705322,True,1,0.0,0.0,0.0,0.0,0.0,0.0,0.0,0.0,0.0,0.0,0.0,0.0,0.0,0.0,0.0,0.0,0.0,0.0,0.6498457789421082,0.35015419125556946,0.9390339255332947,0.06096607819199562,0.6941086649894714,0.30589136481285095,0.0,0.0,0.0,0.0,0.0,0.0,0.0,0.0,0.0,0.0,0.0,0.0,0.0,0.0,0.0,0.0,0.0,0.0,0.0,0.0,0.0,0.0
1780929668.1009839,10,31.76476034853718,13.043478260869565,True,3.0688436368713494e-41,0.0,100.0,False,99.99277591705322,True,1,0.0,0.0,0.0,0.0,0.0,0.0,0.0,0.0,0.0,0.0,0.0,0.0,0.0,0.0,0.0,0.0,0.0,0.0,0.6498457789421082,0.35015419125556946,0.9390339255332947,0.06096607819199562,0.6941086649894714,0.30589136481285095,0.0,0.0,0.0,0.0,0.0,0.0,0.0,0.0,0.0,0.0,0.0,0.0,0.0,0.0,0.0,0.0,0.0,0.0,0.0,0.0,0.0,0.0
1780929668.7145507,10,52.392747589718944,4.3478260869565215,True,2.942726775082116e-42,0.0,100.0,False,99.99996423721313,True,1,0.0,0.0,0.0,0.0,0.0,0.0,0.0,0.0,0.0,0.0,0.0,0.0,0.0,0.0,0.0,0.0,0.0,0.0,0.0,0.0,0.8271826505661011,0.17281736433506012,0.05438411608338356,0.9456159472465515,0.0,0.0,0.0,0.0,0.0,0.0,0.0,0.0,0.0,0.0,0.0,0.0,0.0,0.0,0.0,0.0,0.0,0.0,0.0,0.0,0.0,0.0
1780929668.7145507,10,52.392747589718944,4.3478260869565215,True,2.942726775082116e-42,0.0,100.0,False,99.99996423721313,True,1,0.0,0.0,0.0,0.0,0.0,0.0,0.0,0.0,0.0,0.0,0.0,0.0,0.0,0.0,0.0,0.0,0.0,0.0,0.0,0.0,0.8271826505661011,0.17281736433506012,0.05438411608338356,0.9456159472465515,0.0,0.0,0.0,0.0,0.0,0.0,0.0,0.0,0.0,0.0,0.0,0.0,0.0,0.0,0.0,0.0,0.0,0.0,0.0,0.0,0.0,0.0
1780929669.3553572,10,54.230987451824994,4.3478260869565215,True,1.6815581571897805e-42,0.0,100.0,False,0.0022529970010509714,False,1,0.0,0.0,0.0,0.0,0.0,0.0,0.0,0.0,0.0,0.0,0.0,0.0,0.0,0.0,0.0,0.0,0.0,0.0,0.0,0.0,0.34417828917503357,0.6558217406272888,0.7246337532997131,0.27536624670028687,0.0,0.0,0.0,0.0,0.0,0.0,0.0,0.0,0.0,0.0,0.0,0.0,0.0,0.0,0.0,0.0,0.0,0.0,0.0,0.0,0.0,0.0
1780929669.3553572,10,54.230987451824994,4.3478260869565215,True,1.6815581571897805e-42,0.0,100.0,False,0.0022529970010509714,False,1,0.0,0.0,0.0,0.0,0.0,0.0,0.0,0.0,0.0,0.0,0.0,0.0,0.0,0.0,0.0,0.0,0.0,0.0,0.0,0.0,0.34417828917503357,0.6558217406272888,0.7246337532997131,0.27536624670028687,0.0,0.0,0.0,0.0,0.0,0.0,0.0,0.0,0.0,0.0,0.0,0.0,0.0,0.0,0.0,0.0,0.0,0.0,0.0,0.0,0.0,0.0
1780929669.9856787,11,56.302753041036986,4.3478260869565215,True,5.605193857299268e-43,0.0,100.0,False,0.005864425475010648,False,1,0.0,0.0,0.0,0.0,0.0,0.0,0.0,0.0,0.0,0.0,0.0,0.0,0.0,0.0,0.0,0.0,0.0,0.0,0.0,0.0,0.856592059135437,0.143407940864563,0.2781652808189392,0.7218347191810608,0.0,0.0,0.0,0.0,0.0,0.0,0.0,0.0,0.0,0.0,0.0,0.0,0.0,0.0,0.0,0.0,0.0,0.0,0.0,0.0,0.0,0.0
1780929669.9856787,11,56.302753041036986,4.3478260869565215,True,5.605193857299268e-43,0.0,100.0,False,0.005864425475010648,False,1,0.0,0.0,0.0,0.0,0.0,0.0,0.0,0.0,0.0,0.0,0.0,0.0,0.0,0.0,0.0,0.0,0.0,0.0,0.0,0.0,0.856592059135437,0.143407940864563,0.2781652808189392,0.7218347191810608,0.0,0.0,0.0,0.0,0.0,0.0,0.0,0.0,0.0,0.0,0.0,0.0,0.0,0.0,0.0,0.0,0.0,0.0,0.0,0.0,0.0,0.0
1780929670.6123781,11,7.280109889280518,8.695652173913043,True,2.942726775082116e-42,0.0,100.0,False,99.99902248382568,True,1,0.0,0.0,0.0,0.0,0.0,0.0,0.0,0.0,0.0,0.0,0.0,0.0,0.0,0.0,0.0,0.0,0.0,0.0,0.0,0.0,0.6728095412254333,0.32719042897224426,1.0,1.3882350380356456e-08,0.0,0.0,0.0,0.0,0.0,0.0,0.0,0.0,0.0,0.0,0.0,0.0,0.0,0.0,0.0,0.0,0.0,0.0,0.0,0.0,0.0,0.0
1780929670.6123781,11,7.280109889280518,8.695652173913043,True,2.942726775082116e-42,0.0,100.0,False,99.99902248382568,True,1,0.0,0.0,0.0,0.0,0.0,0.0,0.0,0.0,0.0,0.0,0.0,0.0,0.0,0.0,0.0,0.0,0.0,0.0,0.0,0.0,0.6728095412254333,0.32719042897224426,1.0,1.3882350380356456e-08,0.0,0.0,0.0,0.0,0.0,0.0,0.0,0.0,0.0,0.0,0.0,0.0,0.0,0.0,0.0,0.0,0.0,0.0,0.0,0.0,0.0,0.0
1780929671.2405412,11,27.313000567495326,8.695652173913043,True,1.401298464324817e-43,0.0,100.0,False,99.97357726097107,True,1,0.0,0.0,0.0,0.0,0.0,0.0,0.0,0.0,0.0,0.0,0.0,0.0,0.0,0.0,0.0,0.0,0.0,0.0,0.0,0.0,0.10862788558006287,0.8913721442222595,1.0,1.9935145090244077e-08,0.5256261825561523,0.47437381744384766,0.0,0.0,0.0,0.0,0.0,0.0,0.0,0.0,0.0,0.0,0.0,0.0,0.0,0.0,0.0,0.0,0.0,0.0,0.0,0.0
1780929671.2405412,11,27.313000567495326,8.695652173913043,True,1.401298464324817e-43,0.0,100.0,False,99.97357726097107,True,1,0.0,0.0,0.0,0.0,0.0,0.0,0.0,0.0,0.0,0.0,0.0,0.0,0.0,0.0,0.0,0.0,0.0,0.0,0.0,0.0,0.10862788558006287,0.8913721442222595,1.0,1.9935145090244077e-08,0.5256261825561523,0.47437381744384766,0.0,0.0,0.0,0.0,0.0,0.0,0.0,0.0,0.0,0.0,0.0,0.0,0.0,0.0,0.0,0.0,0.0,0.0,0.0,0.0
1780929671.8381891,12,53.75872022286245,8.695652173913043,True,1.5414283107572988e-42,0.0,100.0,False,99.99277591705322,True,1,0.0,0.0,0.0,0.0,0.0,0.0,0.0,0.0,0.0,0.0,0.0,0.0,0.0,0.0,0.0,0.0,0.0,0.0,0.0,0.0,0.0,0.0,0.6822226047515869,0.3177773356437683,0.6876305937767029,0.3123694360256195,0.0,0.0,0.0,0.0,0.0,0.0,0.0,0.0,0.0,0.0,0.0,0.0,0.0,0.0,0.0,0.0,0.0,0.0,0.0,0.0
1780929671.8381891,12,53.75872022286245,8.695652173913043,True,1.5414283107572988e-42,0.0,100.0,False,99.99277591705322,True,1,0.0,0.0,0.0,0.0,0.0,0.0,0.0,0.0,0.0,0.0,0.0,0.0,0.0,0.0,0.0,0.0,0.0,0.0,0.0,0.0,0.0,0.0,0.6822226047515869,0.3177773356437683,0.6876305937767029,0.3123694360256195,0.0,0.0,0.0,0.0,0.0,0.0,0.0,0.0,0.0,0.0,0.0,0.0,0.0,0.0,0.0,0.0,0.0,0.0,0.0,0.0
1780929672.4436283,11,41.43669871020132,4.3478260869565215,True,1.5414283107572988e-42,0.0,100.0,False,99.99911785125732,True,1,0.0,0.0,0.0,0.0,0.0,0.0,0.0,0.0,0.0,0.0,0.0,0.0,0.0,0.0,0.0,0.0,0.0,0.0,0.0,0.0,0.8178467750549316,0.18215316534042358,0.23892386257648468,0.7610761523246765,0.235396608710289,0.7646034359931946,0.0,0.0,0.0,0.0,0.0,0.0,0.0,0.0,0.0,0.0,0.0,0.0,0.0,0.0,0.0,0.0,0.0,0.0,0.0,0.0
1780929672.4436283,11,41.43669871020132,4.3478260869565215,True,1.5414283107572988e-42,0.0,100.0,False,99.99911785125732,True,1,0.0,0.0,0.0,0.0,0.0,0.0,0.0,0.0,0.0,0.0,0.0,0.0,0.0,0.0,0.0,0.0,0.0,0.0,0.0,0.0,0.8178467750549316,0.18215316534042358,0.23892386257648468,0.7610761523246765,0.235396608710289,0.7646034359931946,0.0,0.0,0.0,0.0,0.0,0.0,0.0,0.0,0.0,0.0,0.0,0.0,0.0,0.0,0.0,0.0,0.0,0.0,0.0,0.0
1780929673.0652478,11,64.07807737440318,8.695652173913043,True,2.802596928649634e-43,0.0,100.0,False,99.99566078186035,True,1,0.0,0.0,0.0,0.0,0.0,0.0,0.0,0.0,0.0,0.0,0.0,0.0,0.0,0.0,0.0,0.0,0.0,0.0,0.0,0.0,0.7443952560424805,0.25560471415519714,0.7513217329978943,0.24867820739746094,0.0,0.0,0.0,0.0,0.0,0.0,0.0,0.0,0.0,0.0,0.0,0.0,0.0,0.0,0.0,0.0,0.0,0.0,0.0,0.0,0.0,0.0
1780929673.0652478,11,64.07807737440318,8.695652173913043,True,2.802596928649634e-43,0.0,100.0,False,99.99566078186035,True,1,0.0,0.0,0.0,0.0,0.0,0.0,0.0,0.0,0.0,0.0,0.0,0.0,0.0,0.0,0.0,0.0,0.0,0.0,0.0,0.0,0.7443952560424805,0.25560471415519714,0.7513217329978943,0.24867820739746094,0.0,0.0,0.0,0.0,0.0,0.0,0.0,0.0,0.0,0.0,0.0,0.0,0.0,0.0,0.0,0.0,0.0,0.0,0.0,0.0,0.0,0.0
1780929673.7855475,11,92.13576938409967,4.3478260869565215,True,2.802596928649634e-43,0.0,100.0,False,0.0503156625200063,False,1,0.0,0.0,0.0,0.0,0.0,0.0,0.0,0.0,0.0,0.0,0.0,0.0,0.0,0.0,0.0,0.0,0.0,0.0,0.0,0.0,0.7222236394882202,0.2777763307094574,0.1363244205713272,0.863675594329834,0.0,0.0,0.0,0.0,0.0,0.0,0.0,0.0,0.0,0.0,0.0,0.0,0.0,0.0,0.0,0.0,0.0,0.0,0.0,0.0,0.0,0.0
1780929673.7855475,11,92.13576938409967,4.3478260869565215,True,2.802596928649634e-43,0.0,100.0,False,0.0503156625200063,False,1,0.0,0.0,0.0,0.0,0.0,0.0,0.0,0.0,0.0,0.0,0.0,0.0,0.0,0.0,0.0,0.0,0.0,0.0,0.0,0.0,0.7222236394882202,0.2777763307094574,0.1363244205713272,0.863675594329834,0.0,0.0,0.0,0.0,0.0,0.0,0.0,0.0,0.0,0.0,0.0,0.0,0.0,0.0,0.0,0.0,0.0,0.0,0.0,0.0,0.0,0.0
1780929674.7448764,12,71.02112361825881,0.0,False,2.802596928649634e-43,0.0,100.0,False,9.103400202548073e-05,False,0,0.0,0.0,0.0,0.0,0.0,0.0,0.0,0.0,0.0,0.0,0.0,0.0,0.0,0.0,0.0,0.0,0.0,0.0,0.0,0.0,0.0,0.0,0.13280224800109863,0.8671978116035461,0.1009029820561409,0.8990970849990845,0.0,0.0,0.0,0.0,0.0,0.0,0.0,0.0,0.0,0.0,0.0,0.0,0.0,0.0,0.0,0.0,0.0,0.0,0.0,0.0
1780929674.7448764,12,71.02112361825881,0.0,False,2.802596928649634e-43,0.0,100.0,False,9.103400202548073e-05,False,0,0.0,0.0,0.0,0.0,0.0,0.0,0.0,0.0,0.0,0.0,0.0,0.0,0.0,0.0,0.0,0.0,0.0,0.0,0.0,0.0,0.0,0.0,0.13280224800109863,0.8671978116035461,0.1009029820561409,0.8990970849990845,0.0,0.0,0.0,0.0,0.0,0.0,0.0,0.0,0.0,0.0,0.0,0.0,0.0,0.0,0.0,0.0,0.0,0.0,0.0,0.0
1780929675.6773815,11,50.80354318352215,0.0,False,0.0,0.0,100.0,False,0.0002335533281438984,False,0,0.0,0.0,0.0,0.0,0.0,0.0,0.0,0.0,0.0,0.0,0.0,0.0,0.0,0.0,0.0,0.0,0.0,0.0,0.0,0.0,0.32081180810928345,0.6791881918907166,0.3886488974094391,0.6113511323928833,0.034947704523801804,0.9650523066520691,0.0,0.0,0.0,0.0,0.0,0.0,0.0,0.0,0.0,0.0,0.0,0.0,0.0,0.0,0.0,0.0,0.0,0.0,0.0,0.0
1780929675.6773815,11,50.80354318352215,0.0,False,0.0,0.0,100.0,False,0.0002335533281438984,False,0,0.0,0.0,0.0,0.0,0.0,0.0,0.0,0.0,0.0,0.0,0.0,0.0,0.0,0.0,0.0,0.0,0.0,0.0,0.0,0.0,0.32081180810928345,0.6791881918907166,0.3886488974094391,0.6113511323928833,0.034947704523801804,0.9650523066520691,0.0,0.0,0.0,0.0,0.0,0.0,0.0,0.0,0.0,0.0,0.0,0.0,0.0,0.0,0.0,0.0,0.0,0.0,0.0,0.0
1780929676.5552878,11,32.89376840679705,4.3478260869565215,True,0.0,0.0,100.0,False,99.99574422836304,True,1,0.0,0.0,0.0,0.0,0.0,0.0,0.0,0.0,0.0,0.0,0.0,0.0,0.0,0.0,0.0,0.0,0.0,0.0,0.0,0.0,0.1094522550702095,0.8905477523803711,0.9008525013923645,0.09914746880531311,0.0,0.0,0.0,0.0,0.0,0.0,0.0,0.0,0.0,0.0,0.0,0.0,0.0,0.0,0.0,0.0,0.0,0.0,0.0,0.0,0.0,0.0
1780929676.5552878,11,32.89376840679705,4.3478260869565215,True,0.0,0.0,100.0,False,99.99574422836304,True,1,0.0,0.0,0.0,0.0,0.0,0.0,0.0,0.0,0.0,0.0,0.0,0.0,0.0,0.0,0.0,0.0,0.0,0.0,0.0,0.0,0.1094522550702095,0.8905477523803711,0.9008525013923645,0.09914746880531311,0.0,0.0,0.0,0.0,0.0,0.0,0.0,0.0,0.0,0.0,0.0,0.0,0.0,0.0,0.0,0.0,0.0,0.0,0.0,0.0,0.0,0.0
1780929677.4799955,11,21.840329667841555,0.0,False,2.1019476964872256e-42,0.0,100.0,False,99.9998927116394,True,1,0.0,0.0,0.0,0.0,0.0,0.0,0.0,0.0,0.0,0.0,0.0,0.0,0.0,0.0,0.0,0.0,0.0,0.0,0.0,0.0,0.017803682014346123,0.9821963310241699,0.11684451252222061,0.8831554651260376,0.31703904271125793,0.6829609870910645,0.0,0.0,0.0,0.0,0.0,0.0,0.0,0.0,0.0,0.0,0.0,0.0,0.0,0.0,0.0,0.0,0.0,0.0,0.0,0.0
1780929677.4799955,11,21.840329667841555,0.0,False,2.1019476964872256e-42,0.0,100.0,False,99.9998927116394,True,1,0.0,0.0,0.0,0.0,0.0,0.0,0.0,0.0,0.0,0.0,0.0,0.0,0.0,0.0,0.0,0.0,0.0,0.0,0.0,0.0,0.017803682014346123,0.9821963310241699,0.11684451252222061,0.8831554651260376,0.31703904271125793,0.6829609870910645,0.0,0.0,0.0,0.0,0.0,0.0,0.0,0.0,0.0,0.0,0.0,0.0,0.0,0.0,0.0,0.0,0.0,0.0,0.0,0.0
1780929678.4249067,11,43.829214001622255,4.3478260869565215,True,1.401298464324817e-42,0.0,100.0,False,99.99574422836304,True,1,0.0,0.0,0.0,0.0,0.0,0.0,0.0,0.0,0.0,0.0,0.0,0.0,0.0,0.0,0.0,0.0,0.0,0.0,0.0,0.0,0.0,0.0,0.8903564214706421,0.1096435934305191,0.19615235924720764,0.80384761095047,0.0,0.0,0.0,0.0,0.0,0.0,0.0,0.0,0.0,0.0,0.0,0.0,0.0,0.0,0.0,0.0,0.0,0.0,0.0,0.0
1780929678.4249067,11,43.829214001622255,4.3478260869565215,True,1.401298464324817e-42,0.0,100.0,False,99.99574422836304,True,1,0.0,0.0,0.0,0.0,0.0,0.0,0.0,0.0,0.0,0.0,0.0,0.0,0.0,0.0,0.0,0.0,0.0,0.0,0.0,0.0,0.0,0.0,0.8903564214706421,0.1096435934305191,0.19615235924720764,0.80384761095047,0.0,0.0,0.0,0.0,0.0,0.0,0.0,0.0,0.0,0.0,0.0,0.0,0.0,0.0,0.0,0.0,0.0,0.0,0.0,0.0
1780929679.0314307,11,61.29437168288782,4.3478260869565215,True,0.0,0.0,100.0,False,99.99955892562866,True,1,0.0,0.0,0.0,0.0,0.0,0.0,0.0,0.0,0.0,0.0,0.0,0.0,0.0,0.0,0.0,0.0,0.0,0.0,0.0,0.0,0.0,0.0,0.9084896445274353,0.09151038527488708,0.12557460367679596,0.8744254112243652,0.0,0.0,0.0,0.0,0.0,0.0,0.0,0.0,0.0,0.0,0.0,0.0,0.0,0.0,0.0,0.0,0.0,0.0,0.0,0.0
1780929679.0314307,11,61.29437168288782,4.3478260869565215,True,0.0,0.0,100.0,False,99.99955892562866,True,1,0.0,0.0,0.0,0.0,0.0,0.0,0.0,0.0,0.0,0.0,0.0,0.0,0.0,0.0,0.0,0.0,0.0,0.0,0.0,0.0,0.0,0.0,0.9084896445274353,0.09151038527488708,0.12557460367679596,0.8744254112243652,0.0,0.0,0.0,0.0,0.0,0.0,0.0,0.0,0.0,0.0,0.0,0.0,0.0,0.0,0.0,0.0,0.0,0.0,0.0,0.0
1780929679.6539974,11,40.024992192379,8.695652173913043,True,1.961817850054744e-42,0.0,100.0,False,99.98996257781982,True,1,0.0,0.0,0.0,0.0,0.0,0.0,0.0,0.0,0.0,0.0,0.0,0.0,0.0,0.0,0.0,0.0,0.0,0.0,0.0,0.0,0.0,0.0,0.5689024925231934,0.43109750747680664,0.7387691736221313,0.26123085618019104,0.0,0.0,0.0,0.0,0.0,0.0,0.0,0.0,0.0,0.0,0.0,0.0,0.0,0.0,0.0,0.0,0.0,0.0,0.0,0.0
1780929679.6539974,11,40.024992192379,8.695652173913043,True,1.961817850054744e-42,0.0,100.0,False,99.98996257781982,True,1,0.0,0.0,0.0,0.0,0.0,0.0,0.0,0.0,0.0,0.0,0.0,0.0,0.0,0.0,0.0,0.0,0.0,0.0,0.0,0.0,0.0,0.0,0.5689024925231934,0.43109750747680664,0.7387691736221313,0.26123085618019104,0.0,0.0,0.0,0.0,0.0,0.0,0.0,0.0,0.0,0.0,0.0,0.0,0.0,0.0,0.0,0.0,0.0,0.0,0.0,0.0
1780929680.2614763,12,66.91038783328041,0.0,False,2.802596928649634e-43,0.0,100.0,False,99.99973773956299,True,1,0.0,0.0,0.0,0.0,0.0,0.0,0.0,0.0,0.0,0.0,0.0,0.0,0.0,0.0,0.0,0.0,0.0,0.0,0.0,0.0,0.0,0.0,0.09219939261674881,0.9078006148338318,0.067603699862957,0.9323962926864624,0.0,0.0,0.0,0.0,0.0,0.0,0.0,0.0,0.0,0.0,0.0,0.0,0.0,0.0,0.0,0.0,0.0,0.0,0.0,0.0
1780929680.2614763,12,66.91038783328041,0.0,False,2.802596928649634e-43,0.0,100.0,False,99.99973773956299,True,1,0.0,0.0,0.0,0.0,0.0,0.0,0.0,0.0,0.0,0.0,0.0,0.0,0.0,0.0,0.0,0.0,0.0,0.0,0.0,0.0,0.0,0.0,0.09219939261674881,0.9078006148338318,0.067603699862957,0.9323962926864624,0.0,0.0,0.0,0.0,0.0,0.0,0.0,0.0,0.0,0.0,0.0,0.0,0.0,0.0,0.0,0.0,0.0,0.0,0.0,0.0
1780929680.8994462,11,67.60177512462228,4.3478260869565215,True,5.605193857299268e-43,0.0,100.0,False,0.005331085412763059,False,1,0.0,0.0,0.0,0.0,0.0,0.0,0.0,0.0,0.0,0.0,0.0,0.0,0.0,0.0,0.0,0.0,0.0,0.0,0.0,0.0,0.0,0.0,0.4041127562522888,0.5958872437477112,0.5184321999549866,0.4815678596496582,0.0,0.0,0.0,0.0,0.0,0.0,0.0,0.0,0.0,0.0,0.0,0.0,0.0,0.0,0.0,0.0,0.0,0.0,0.0,0.0
1780929680.8994462,11,67.60177512462228,4.3478260869565215,True,5.605193857299268e-43,0.0,100.0,False,0.005331085412763059,False,1,0.0,0.0,0.0,0.0,0.0,0.0,0.0,0.0,0.0,0.0,0.0,0.0,0.0,0.0,0.0,0.0,0.0,0.0,0.0,0.0,0.0,0.0,0.4041127562522888,0.5958872437477112,0.5184321999549866,0.4815678596496582,0.0,0.0,0.0,0.0,0.0,0.0,0.0,0.0,0.0,0.0,0.0,0.0,0.0,0.0,0.0,0.0,0.0,0.0,0.0,0.0
1780929682.292237,12,42.04759208325728,0.0,False,1.401298464324817e-42,0.0,100.0,False,99.99277591705322,True,1,0.0,0.0,0.0,0.0,0.0,0.0,0.0,0.0,0.0,0.0,0.0,0.0,0.0,0.0,0.0,0.0,0.0,0.0,0.0,0.0,0.0,0.0,0.027923643589019775,0.9720763564109802,0.32879284024238586,0.6712071299552917,0.0,0.0,0.0,0.0,0.0,0.0,0.0,0.0,0.0,0.0,0.0,0.0,0.0,0.0,0.0,0.0,0.0,0.0,0.0,0.0
1780929682.292237,12,42.04759208325728,0.0,False,1.401298464324817e-42,0.0,100.0,False,99.99277591705322,True,1,0.0,0.0,0.0,0.0,0.0,0.0,0.0,0.0,0.0,0.0,0.0,0.0,0.0,0.0,0.0,0.0,0.0,0.0,0.0,0.0,0.0,0.0,0.027923643589019775,0.9720763564109802,0.32879284024238586,0.6712071299552917,0.0,0.0,0.0,0.0,0.0,0.0,0.0,0.0,0.0,0.0,0.0,0.0,0.0,0.0,0.0,0.0,0.0,0.0,0.0,0.0
1780929682.899476,12,51.92301994298868,4.3478260869565215,True,1.401298464324817e-43,0.0,100.0,False,99.55381155014038,True,1,0.0,0.0,0.0,0.0,0.0,0.0,0.0,0.0,0.0,0.0,0.0,0.0,0.0,0.0,0.0,0.0,0.0,0.0,0.0,0.0,0.0,0.0,0.0,0.0,0.5536245703697205,0.44637545943260193,0.0,0.0,0.0,0.0,0.0,0.0,0.0,0.0,0.0,0.0,0.0,0.0,0.0,0.0,0.0,0.0,0.0,0.0,0.0,0.0
1780929682.899476,12,51.92301994298868,4.3478260869565215,True,1.401298464324817e-43,0.0,100.0,False,99.55381155014038,True,1,0.0,0.0,0.0,0.0,0.0,0.0,0.0,0.0,0.0,0.0,0.0,0.0,0.0,0.0,0.0,0.0,0.0,0.0,0.0,0.0,0.0,0.0,0.0,0.0,0.5536245703697205,0.44637545943260193,0.0,0.0,0.0,0.0,0.0,0.0,0.0,0.0,0.0,0.0,0.0,0.0,0.0,0.0,0.0,0.0,0.0,0.0,0.0,0.0
1780929683.515929,12,44.384682042344295,4.3478260869565215,True,2.802596928649634e-43,0.0,100.0,False,99.99988079071045,True,1,0.0,0.0,0.0,0.0,0.0,0.0,0.0,0.0,0.0,0.0,0.0,0.0,0.0,0.0,0.0,0.0,0.0,0.0,0.0,0.0,0.0,0.0,0.0,0.0,0.6072478294372559,0.39275211095809937,0.0,0.0,0.0,0.0,0.0,0.0,0.0,0.0,0.0,0.0,0.0,0.0,0.0,0.0,0.0,0.0,0.0,0.0,0.0,0.0
1780929683.515929,12,44.384682042344295,4.3478260869565215,True,2.802596928649634e-43,0.0,100.0,False,99.99988079071045,True,1,0.0,0.0,0.0,0.0,0.0,0.0,0.0,0.0,0.0,0.0,0.0,0.0,0.0,0.0,0.0,0.0,0.0,0.0,0.0,0.0,0.0,0.0,0.0,0.0,0.6072478294372559,0.39275211095809937,0.0,0.0,0.0,0.0,0.0,0.0,0.0,0.0,0.0,0.0,0.0,0.0,0.0,0.0,0.0,0.0,0.0,0.0,0.0,0.0
1780929684.1323872,11,61.587336360651285,8.695652173913043,True,0.0,0.0,100.0,False,99.99998807907104,True,1,0.0,0.0,0.0,0.0,0.0,0.0,0.0,0.0,0.0,0.0,0.0,0.0,0.0,0.0,0.0,0.0,0.0,0.0,0.0,0.0,0.0,0.0,0.7874401807785034,0.2125598043203354,0.6280182600021362,0.3719817101955414,0.0,0.0,0.0,0.0,0.0,0.0,0.0,0.0,0.0,0.0,0.0,0.0,0.0,0.0,0.0,0.0,0.0,0.0,0.0,0.0
1780929684.1323872,11,61.587336360651285,8.695652173913043,True,0.0,0.0,100.0,False,99.99998807907104,True,1,0.0,0.0,0.0,0.0,0.0,0.0,0.0,0.0,0.0,0.0,0.0,0.0,0.0,0.0,0.0,0.0,0.0,0.0,0.0,0.0,0.0,0.0,0.7874401807785034,0.2125598043203354,0.6280182600021362,0.3719817101955414,0.0,0.0,0.0,0.0,0.0,0.0,0.0,0.0,0.0,0.0,0.0,0.0,0.0,0.0,0.0,0.0,0.0,0.0,0.0,0.0
1780929684.7339702,12,67.91170738539859,0.0,False,5.605193857299268e-43,0.0,100.0,False,0.060303654754534364,False,0,0.0,0.0,0.0,0.0,0.0,0.0,0.0,0.0,0.0,0.0,0.0,0.0,0.0,0.0,0.0,0.0,0.0,0.0,0.0,0.0,0.0,0.0,0.06571138650178909,0.9342886805534363,0.11328018456697464,0.886719822883606,0.0,0.0,0.0,0.0,0.0,0.0,0.0,0.0,0.0,0.0,0.0,0.0,0.0,0.0,0.0,0.0,0.0,0.0,0.0,0.0
1780929684.7339702,12,67.91170738539859,0.0,False,5.605193857299268e-43,0.0,100.0,False,0.060303654754534364,False,0,0.0,0.0,0.0,0.0,0.0,0.0,0.0,0.0,0.0,0.0,0.0,0.0,0.0,0.0,0.0,0.0,0.0,0.0,0.0,0.0,0.0,0.0,0.06571138650178909,0.9342886805534363,0.11328018456697464,0.886719822883606,0.0,0.0,0.0,0.0,0.0,0.0,0.0,0.0,0.0,0.0,0.0,0.0,0.0,0.0,0.0,0.0,0.0,0.0,0.0,0.0
1780929685.3969584,12,48.46648326421054,8.695652173913043,True,9.80908925027372e-43,0.0,100.0,False,99.99992847442627,True,1,0.0,0.0,0.0,0.0,0.0,0.0,0.0,0.0,0.0,0.0,0.0,0.0,0.0,0.0,0.0,0.0,0.0,0.0,0.0,0.0,0.0,0.0,0.7650102376937866,0.23498976230621338,0.9417456388473511,0.058254342526197433,0.0,0.0,0.0,0.0,0.0,0.0,0.0,0.0,0.0,0.0,0.0,0.0,0.0,0.0,0.0,0.0,0.0,0.0,0.0,0.0
1780929685.3969584,12,48.46648326421054,8.695652173913043,True,9.80908925027372e-43,0.0,100.0,False,99.99992847442627,True,1,0.0,0.0,0.0,0.0,0.0,0.0,0.0,0.0,0.0,0.0,0.0,0.0,0.0,0.0,0.0,0.0,0.0,0.0,0.0,0.0,0.0,0.0,0.7650102376937866,0.23498976230621338,0.9417456388473511,0.058254342526197433,0.0,0.0,0.0,0.0,0.0,0.0,0.0,0.0,0.0,0.0,0.0,0.0,0.0,0.0,0.0,0.0,0.0,0.0,0.0,0.0
1780929686.0071218,12,34.52535300326414,0.0,False,5.605193857299268e-43,0.0,100.0,False,87.3445212841034,True,1,0.0,0.0,0.0,0.0,0.0,0.0,0.0,0.0,0.0,0.0,0.0,0.0,0.0,0.0,0.0,0.0,0.0,0.0,0.0,0.0,0.0,0.0,0.03020896390080452,0.969791054725647,0.10304611176252365,0.8969538807868958,0.0,0.0,0.0,0.0,0.0,0.0,0.0,0.0,0.0,0.0,0.0,0.0,0.0,0.0,0.0,0.0,0.0,0.0,0.0,0.0
1780929686.0071218,12,34.52535300326414,0.0,False,5.605193857299268e-43,0.0,100.0,False,87.3445212841034,True,1,0.0,0.0,0.0,0.0,0.0,0.0,0.0,0.0,0.0,0.0,0.0,0.0,0.0,0.0,0.0,0.0,0.0,0.0,0.0,0.0,0.0,0.0,0.03020896390080452,0.969791054725647,0.10304611176252365,0.8969538807868958,0.0,0.0,0.0,0.0,0.0,0.0,0.0,0.0,0.0,0.0,0.0,0.0,0.0,0.0,0.0,0.0,0.0,0.0,0.0,0.0
1780929686.6085393,12,33.301651610693426,4.3478260869565215,True,1.401298464324817e-43,0.0,100.0,False,100.0,True,1,0.0,0.0,0.0,0.0,0.0,0.0,0.0,0.0,0.0,0.0,0.0,0.0,0.0,0.0,0.0,0.0,0.0,0.0,0.0,0.0,0.0,0.0,0.1871148943901062,0.812885046005249,0.7748002409934998,0.22519975900650024,0.0,0.0,0.0,0.0,0.0,0.0,0.0,0.0,0.0,0.0,0.0,0.0,0.0,0.0,0.0,0.0,0.0,0.0,0.0,0.0
1780929686.6085393,12,33.301651610693426,4.3478260869565215,True,1.401298464324817e-43,0.0,100.0,False,100.0,True,1,0.0,0.0,0.0,0.0,0.0,0.0,0.0,0.0,0.0,0.0,0.0,0.0,0.0,0.0,0.0,0.0,0.0,0.0,0.0,0.0,0.0,0.0,0.1871148943901062,0.812885046005249,0.7748002409934998,0.22519975900650024,0.0,0.0,0.0,0.0,0.0,0.0,0.0,0.0,0.0,0.0,0.0,0.0,0.0,0.0,0.0,0.0,0.0,0.0,0.0,0.0
1780929687.2241244,12,18.027756377319946,4.3478260869565215,True,9.80908925027372e-43,0.0,100.0,False,99.98681545257568,True,1,0.0,0.0,0.0,0.0,0.0,0.0,0.0,0.0,0.0,0.0,0.0,0.0,0.0,0.0,0.0,0.0,0.0,0.0,0.0,0.0,0.0,0.0,0.23260734975337982,0.767392635345459,0.9972397089004517,0.0027602410409599543,0.0,0.0,0.0,0.0,0.0,0.0,0.0,0.0,0.0,0.0,0.0,0.0,0.0,0.0,0.0,0.0,0.0,0.0,0.0,0.0
1780929687.2241244,12,18.027756377319946,4.3478260869565215,True,9.80908925027372e-43,0.0,100.0,False,99.98681545257568,True,1,0.0,0.0,0.0,0.0,0.0,0.0,0.0,0.0,0.0,0.0,0.0,0.0,0.0,0.0,0.0,0.0,0.0,0.0,0.0,0.0,0.0,0.0,0.23260734975337982,0.767392635345459,0.9972397089004517,0.0027602410409599543,0.0,0.0,0.0,0.0,0.0,0.0,0.0,0.0,0.0,0.0,0.0,0.0,0.0,0.0,0.0,0.0,0.0,0.0,0.0,0.0
1780929687.8398464,12,47.01063709417264,4.3478260869565215,True,2.802596928649634e-43,0.0,100.0,False,99.94329810142517,True,1,0.0,0.0,0.0,0.0,0.0,0.0,0.0,0.0,0.0,0.0,0.0,0.0,0.0,0.0,0.0,0.0,0.0,0.0,0.0,0.0,0.0,0.0,0.10911143571138382,0.8908886313438416,0.9931922554969788,0.00680776359513402,0.0,0.0,0.0,0.0,0.0,0.0,0.0,0.0,0.0,0.0,0.0,0.0,0.0,0.0,0.0,0.0,0.0,0.0,0.0,0.0
1780929687.8398464,12,47.01063709417264,4.3478260869565215,True,2.802596928649634e-43,0.0,100.0,False,99.94329810142517,True,1,0.0,0.0,0.0,0.0,0.0,0.0,0.0,0.0,0.0,0.0,0.0,0.0,0.0,0.0,0.0,0.0,0.0,0.0,0.0,0.0,0.0,0.0,0.10911143571138382,0.8908886313438416,0.9931922554969788,0.00680776359513402,0.0,0.0,0.0,0.0,0.0,0.0,0.0,0.0,0.0,0.0,0.0,0.0,0.0,0.0,0.0,0.0,0.0,0.0,0.0,0.0
1780929688.4714105,12,47.634021455258214,4.3478260869565215,True,1.401298464324817e-43,0.0,100.0,False,99.99998807907104,True,1,0.0,0.0,0.0,0.0,0.0,0.0,0.0,0.0,0.0,0.0,0.0,0.0,0.0,0.0,0.0,0.0,0.0,0.0,0.0,0.0,0.0,0.0,0.0,0.0,0.5966809391975403,0.4033190608024597,0.0,0.0,0.0,0.0,0.0,0.0,0.0,0.0,0.0,0.0,0.0,0.0,0.0,0.0,0.0,0.0,0.0,0.0,0.0,0.0
1780929688.4714105,12,47.634021455258214,4.3478260869565215,True,1.401298464324817e-43,0.0,100.0,False,99.99998807907104,True,1,0.0,0.0,0.0,0.0,0.0,0.0,0.0,0.0,0.0,0.0,0.0,0.0,0.0,0.0,0.0,0.0,0.0,0.0,0.0,0.0,0.0,0.0,0.0,0.0,0.5966809391975403,0.4033190608024597,0.0,0.0,0.0,0.0,0.0,0.0,0.0,0.0,0.0,0.0,0.0,0.0,0.0,0.0,0.0,0.0,0.0,0.0,0.0,0.0
1780929689.438255,12,81.5659242576212,0.0,False,1.401298464324817e-43,0.0,100.0,False,99.99823570251465,True,1,0.0,0.0,0.0,0.0,0.0,0.0,0.0,0.0,0.0,0.0,0.0,0.0,0.0,0.0,0.0,0.0,0.0,0.0,0.0,0.0,0.0,0.0,0.0,0.0,0.1645471602678299,0.8354527950286865,0.0,0.0,0.0,0.0,0.0,0.0,0.0,0.0,0.0,0.0,0.0,0.0,0.0,0.0,0.0,0.0,0.0,0.0,0.0,0.0
1780929689.438255,12,81.5659242576212,0.0,False,1.401298464324817e-43,0.0,100.0,False,99.99823570251465,True,1,0.0,0.0,0.0,0.0,0.0,0.0,0.0,0.0,0.0,0.0,0.0,0.0,0.0,0.0,0.0,0.0,0.0,0.0,0.0,0.0,0.0,0.0,0.0,0.0,0.1645471602678299,0.8354527950286865,0.0,0.0,0.0,0.0,0.0,0.0,0.0,0.0,0.0,0.0,0.0,0.0,0.0,0.0,0.0,0.0,0.0,0.0,0.0,0.0
1780929690.264257,12,51.894122981316485,0.0,False,1.1210387714598537e-42,0.0,100.0,False,0.0006558806944667595,False,0,0.0,0.0,0.0,0.0,0.0,0.0,0.0,0.0,0.0,0.0,0.0,0.0,0.0,0.0,0.0,0.0,0.0,0.0,0.0,0.0,0.0,0.0,0.0,0.0,0.08611778914928436,0.9138821959495544,0.0,0.0,0.0,0.0,0.0,0.0,0.0,0.0,0.0,0.0,0.0,0.0,0.0,0.0,0.0,0.0,0.0,0.0,0.0,0.0
1780929690.264257,12,51.894122981316485,0.0,False,1.1210387714598537e-42,0.0,100.0,False,0.0006558806944667595,False,0,0.0,0.0,0.0,0.0,0.0,0.0,0.0,0.0,0.0,0.0,0.0,0.0,0.0,0.0,0.0,0.0,0.0,0.0,0.0,0.0,0.0,0.0,0.0,0.0,0.08611778914928436,0.9138821959495544,0.0,0.0,0.0,0.0,0.0,0.0,0.0,0.0,0.0,0.0,0.0,0.0,0.0,0.0,0.0,0.0,0.0,0.0,0.0,0.0
1780929691.2172968,12,97.24710792614863,0.0,False,4.203895392974451e-43,0.0,100.0,False,0.0003838388238364132,False,0,0.0,0.0,0.0,0.0,0.0,0.0,0.0,0.0,0.0,0.0,0.0,0.0,0.0,0.0,0.0,0.0,0.0,0.0,0.0,0.0,0.0,0.0,0.0,0.0,0.485865980386734,0.5141339898109436,0.0,0.0,0.0,0.0,0.0,0.0,0.0,0.0,0.0,0.0,0.0,0.0,0.0,0.0,0.0,0.0,0.0,0.0,0.0,0.0
1780929691.2172968,12,97.24710792614863,0.0,False,4.203895392974451e-43,0.0,100.0,False,0.0003838388238364132,False,0,0.0,0.0,0.0,0.0,0.0,0.0,0.0,0.0,0.0,0.0,0.0,0.0,0.0,0.0,0.0,0.0,0.0,0.0,0.0,0.0,0.0,0.0,0.0,0.0,0.485865980386734,0.5141339898109436,0.0,0.0,0.0,0.0,0.0,0.0,0.0,0.0,0.0,0.0,0.0,0.0,0.0,0.0,0.0,0.0,0.0,0.0,0.0,0.0
1780929692.1790712,12,106.82696288858914,0.0,False,2.802596928649634e-43,0.0,100.0,False,0.029043538961559534,False,0,0.0,0.0,0.0,0.0,0.0,0.0,0.0,0.0,0.0,0.0,0.0,0.0,0.0,0.0,0.0,0.0,0.0,0.0,0.0,0.0,0.0,0.0,0.0,0.0,0.0,0.0,0.0,0.0,0.0,0.0,0.0,0.0,0.0,0.0,0.0,0.0,0.0,0.0,0.0,0.0,0.0,0.0,0.0,0.0,0.0,0.0
1780929692.1790712,12,106.82696288858914,0.0,False,2.802596928649634e-43,0.0,100.0,False,0.029043538961559534,False,0,0.0,0.0,0.0,0.0,0.0,0.0,0.0,0.0,0.0,0.0,0.0,0.0,0.0,0.0,0.0,0.0,0.0,0.0,0.0,0.0,0.0,0.0,0.0,0.0,0.0,0.0,0.0,0.0,0.0,0.0,0.0,0.0,0.0,0.0,0.0,0.0,0.0,0.0,0.0,0.0,0.0,0.0,0.0,0.0,0.0,0.0
1780929693.1251304,12,106.04244433244644,0.0,False,0.0,0.0,100.0,False,0.002299128937011119,False,0,0.0,0.0,0.0,0.0,0.0,0.0,0.0,0.0,0.0,0.0,0.0,0.0,0.0,0.0,0.0,0.0,0.0,0.0,0.0,0.0,0.0,0.0,0.0,0.0,0.0,0.0,0.0,0.0,0.0,0.0,0.0,0.0,0.0,0.0,0.0,0.0,0.0,0.0,0.0,0.0,0.0,0.0,0.0,0.0,0.0,0.0
1780929693.1251304,12,106.04244433244644,0.0,False,0.0,0.0,100.0,False,0.002299128937011119,False,0,0.0,0.0,0.0,0.0,0.0,0.0,0.0,0.0,0.0,0.0,0.0,0.0,0.0,0.0,0.0,0.0,0.0,0.0,0.0,0.0,0.0,0.0,0.0,0.0,0.0,0.0,0.0,0.0,0.0,0.0,0.0,0.0,0.0,0.0,0.0,0.0,0.0,0.0,0.0,0.0,0.0,0.0,0.0,0.0,0.0,0.0
1780929693.8257086,12,125.7179382586272,0.0,False,5.605193857299268e-43,0.0,100.0,False,0.01678153785178438,False,0,0.0,0.0,0.0,0.0,0.0,0.0,0.0,0.0,0.0,0.0,0.0,0.0,0.0,0.0,0.0,0.0,0.0,0.0,0.0,0.0,0.0,0.0,0.0,0.0,0.0,0.0,0.0,0.0,0.0,0.0,0.0,0.0,0.0,0.0,0.0,0.0,0.0,0.0,0.0,0.0,0.0,0.0,0.0,0.0,0.0,0.0
1780929693.8257086,12,125.7179382586272,0.0,False,5.605193857299268e-43,0.0,100.0,False,0.01678153785178438,False,0,0.0,0.0,0.0,0.0,0.0,0.0,0.0,0.0,0.0,0.0,0.0,0.0,0.0,0.0,0.0,0.0,0.0,0.0,0.0,0.0,0.0,0.0,0.0,0.0,0.0,0.0,0.0,0.0,0.0,0.0,0.0,0.0,0.0,0.0,0.0,0.0,0.0,0.0,0.0,0.0,0.0,0.0,0.0,0.0,0.0,0.0
1780929694.4391692,12,83.64807230295268,0.0,False,1.401298464324817e-43,0.0,100.0,False,0.013876771845389158,False,0,0.0,0.0,0.0,0.0,0.0,0.0,0.0,0.0,0.0,0.0,0.0,0.0,0.0,0.0,0.0,0.0,0.0,0.0,0.0,0.0,0.0,0.0,0.0,0.0,0.0,0.0,0.0,0.0,0.0,0.0,0.0,0.0,0.0,0.0,0.0,0.0,0.0,0.0,0.0,0.0,0.0,0.0,0.0,0.0,0.0,0.0
